주차장관리번호,주차장명,경도,위도,주차장구분,주차장유형,주차장지번주소,주차장도로명주소,주차구획수
17594,장지동 체비지 공영주차장,127.1343743,37.49062047,공영,노외,서울특별시 송파구 문정동 2-5,서울특별시 송파구 송이로31길,101
17595,장지,127.1343743,37.49062047,공영,노외,서울특별시 송파구 문정동2-5,서울특별시 송파구 송이로31길,100
17667,안말,127.1299217,37.5312555,공영,노외,서울특별시 강동구 성내동 512번지,서울특별시 강동구 풍성로45길 11(성내동),174
17668,안말 주차장,127.1299217,37.5312555,공영,노외,서울특별시 강동구 성내동 512,서울특별시 강동구 풍성로45길 11(성내동),174
17669,안말,127.1299217,37.5312555,공영,노외,서울특별시 강동구 성내동 512번지,서울특별시 강동구 풍성로45길 11(성내동),174
17693,해공,127.1288048,37.5410986,공영,노외,서울특별시 강동구 천호동 404-1번지,서울특별시 강동구 구천면로 29길 11(천호동),342
17694,해공 주차장,127.1288048,37.5410986,공영,노외,서울특별시 강동구 천호동 404-1,서울특별시 강동구 구천면로 29길 11(천호동),342
17695,해공,127.1288048,37.5410986,공영,노외,서울특별시 강동구 천호동 404-1번지,서울특별시 강동구 구천면로 29길 11(천호동),342
17700,위례성길 방이습지 공영주차장,127.1286093,37.507955,공영,노상,서울특별시 송파구 452-4,서울특별시 송파구 위례성대로,55
17731,로데오길 공영주차장,127.1272727,37.49296375,공영,노상,서울특별시 송파구 문정동 3-2,서울특별시 송파구 동남로,56
17752,문정근린공원,127.1265244,37.48647009,공영,노외,서울특별시 송파구 문정동38-3외2,서울특별시 송파구 문정로33,286
17763,장지동 체비지 공영주차장,127.1259072,37.4911954,공영,노외,서울특별시 송파구 문정동 2-5,서울특별시 송파구 송이로31길,101
17767,위례성길 공영주차장,127.1256335,37.51079099,공영,노상,서울특별시 송파구 방이동 12,서울특별시 송파구 위례성대로,87
17768,위례성길 방이습지 공영주차장,127.1256335,37.51079099,공영,노상,서울특별시 송파구 452-4,서울특별시 송파구 위례성대로,55
17769,위례성길,127.1256335,37.51079099,공영,노상,서울특별시 송파구 방이동94-3외4,서울특별시 송파구 위례성대로,88
17770,위례성(방이습지),127.1256335,37.51079099,공영,노상,서울특별시 송파구 방이동452-4,서울특별시 송파구 위례성대로,55
17774,석촌고분 공영주차장,127.1254124,37.50303538,공영,노외,서울특별시 송파구 석촌동 248,서울특별시 송파구 가락동7길,62
17775,석촌,127.1254124,37.50303538,공영,노외,서울특별시 송파구 석촌동248,서울특별시 송파구 가락동7길,62
17780,문정골길 공영주차장,127.1247319,37.48824879,공영,노상,서울특별시 송파구 39-1,서울특별시 송파구 동남로4길,77
17785,문정근린공원 공영주차장,127.1245333,37.48579465,공영,노외,서울특별시 송파구 문정동 38-3,서울특별시 송파구 송파대로20길,286
17801,강동구청옆,127.1231874,37.5301156,공영,노상,서울특별시 강동구 성내동 537-16번지,서울특별시 강동구 성내로5길(성내동),11
17802,강동구청옆 주차장,127.1231874,37.5301156,공영,노상,서울특별시 강동구 성내1동 540,서울특별시 강동구 성내로5길(성내동),11
17803,강동구청옆,127.1231874,37.5301156,공영,노상,서울특별시 강동구 성내동 537-16번지,서울특별시 강동구 성내로5길(성내동),11
17804,천호2동,127.1229663,37.5402033,공영,노외,서울특별시 강동구 천호동 457-58번지,서울특별시 강동구 천호대로151길25(천호동),13
17805,천호2동 주차장,127.1229663,37.5402033,공영,노외,서울특별시 강동구 천호동 457-7,서울특별시 강동구 천호대로151길25(천호동),13
17806,천호2동,127.1229663,37.5402033,공영,노외,서울특별시 강동구 천호동 457-58번지,서울특별시 강동구 천호대로151길25(천호동),13
17807,천호2동제2,127.1229042,37.540005,공영,노상,서울특별시 강동구 천호동 432-10번지,서울특별시 강동구 천호대로151길(천호동),7
17808,천호2동제2 주차장,127.1229042,37.540005,공영,노상,서울특별시 강동구 천호2동 458,서울특별시 강동구 천호대로151길(천호동),7
17809,천호2동제2,127.1229042,37.540005,공영,노상,서울특별시 강동구 천호동 432-10번지,서울특별시 강동구 천호대로151길(천호동),7
17831,천호유수지,127.1213544,37.5444649,공영,노외,서울특별시 강동구 천호동329번지,서울특별시 강동구 선사로70 (천호동),178
17832,천호유수지 주차장,127.1213544,37.5444649,공영,노외,서울특별시 강동구 천호2동 329,서울특별시 강동구 선사로70 (천호동),178
17833,천호유수지,127.1213544,37.5444649,공영,노외,서울특별시 강동구 천호동329번지,서울특별시 강동구 선사로70 (천호동),178
17867,가락동1 체비지 공영주차장,127.1185794,37.49596414,공영,노외,서울특별시 송파구 가락동 98-1,서울특별시 송파구 중대로9길,49
17868,가락동2 체비지 공영주차장,127.1185794,37.49596414,공영,노외,서울특별시 송파구 가락동 80-2,서울특별시 송파구 중대로9길,89
17869,가락1,127.1185794,37.49596414,공영,노외,서울특별시 송파구 가락동98-1,서울특별시 송파구 중대로9길,49
17870,가락2,127.1185794,37.49596414,공영,노외,서울특별시 송파구 가락동 80-2외1,서울특별시 송파구 중대로9길,89
17871,풍납1 공영주차장,127.1185285,37.53529118,공영,노외,서울특별시 송파구 풍납동 154,서울특별시 송파구 풍성로25나길,56
17873,방이고분 공영주차장,127.1181634,37.50757311,공영,노외,서울특별시 송파구 방이동 125,서울특별시 송파구 오금로219,61
17874,방이고분,127.1181634,37.50757311,공영,노외,서울특별시 송파구 방이동125,서울특별시 송파구 오금로219,61
17914,송파동 공영주차장,127.1137107,37.50687109,공영,노외,서울특별시 송파구 송파동 128,서울특별시 송파구 백제고분로44길 13-35,86
17920,송파동 체비지 공영주차장,127.11334,37.50702281,공영,노외,서울특별시 송파구 송파동 148-2,서울특별시 송파구 송파동백제고분로44길13-25,40
17921,송파동,127.11334,37.50702281,공영,노외,서울특별시 송파구 송파동128,서울특별시 송파구 백제고분로44길13-25,86
17923,송파동 체비지 공영주차장,127.1129304,37.5082186,공영,노외,서울특별시 송파구 송파동 148-2,서울특별시 송파구 송파동백제고분로44길13-25,40
17934,풍납1 공영주차장,127.111502,37.5354894,공영,노외,서울특별시 송파구 풍납동 154,서울특별시 송파구 풍성로25나길,56
17941,가락동2 체비지 공영주차장,127.1108428,37.4948172,공영,노외,서울특별시 송파구 가락동 80-2,서울특별시 송파구 중대로9길,89
17956,가락동1 체비지 공영주차장,127.1100595,37.4943996,공영,노외,서울특별시 송파구 가락동 98-1,서울특별시 송파구 중대로9길,49
17962,송파근린공원 공영주차장,127.1097327,37.5059306,공영,노외,서울특별시 송파구 송파동 113-2,서울특별시 송파구 백제고분로42길 5,325
17963,근린공원,127.1097327,37.5059306,공영,노외,서울특별시 송파구 송파동113-2,서울특별시 송파구 백제고분로42길5,325
17966,방이고분 공영주차장,127.1096898,37.5074701,공영,노외,서울특별시 송파구 방이동 125,서울특별시 송파구 오금로219,61
17881,비석거리 공영주차장,127.1169788,37.49639821,공영,노상,서울특별시 송파구 가락동 95-6,서울특별시 송파구 송파대로32길,33
17884,로데오길 공영주차장,127.1167524,37.4909748,공영,노상,서울특별시 송파구 문정동 3-2,서울특별시 송파구 동남로,56
17889,풍납2 공영주차장,127.1160856,37.53595674,공영,노외,서울특별시 송파구 풍납동 175,서울특별시 송파구 풍성로15길 23,81
17890,문정골길 공영주차장,127.1159908,37.4881138,공영,노상,서울특별시 송파구 39-1,서울특별시 송파구 동남로4길,77
17891,문정근린공원 공영주차장,127.1158632,37.4859638,공영,노외,서울특별시 송파구 문정동 38-3,서울특별시 송파구 송파대로20길,286
17972,위례성길 공영주차장,127.1092458,37.5154061,공영,노상,서울특별시 송파구 방이동 12,서울특별시 송파구 위례성대로,87
17978,비석거리 공영주차장,127.1083908,37.4961802,공영,노상,서울특별시 송파구 가락동 95-6,서울특별시 송파구 송파대로32길,33
17991,풍납2 공영주차장,127.1072208,37.5361304,공영,노외,서울특별시 송파구 풍납동 175,서울특별시 송파구 풍성로15길 23,81
18012,방이동 공영주차장,127.1049988,37.5137308,공영,노외,서울특별시 송파구 방이동 52-1,서울특별시 송파구 백제고분로,131
18017,송파동 공영주차장,127.1045728,37.5069994,공영,노외,서울특별시 송파구 송파동 128,서울특별시 송파구 백제고분로44길 13-35,86
18030,금란,127.1015904,37.59986869,공영,노외,서울특별시 중랑구 망우동 360-1,서울특별시 중랑구 망우로448,208
18033,교통공원길 공영주차장,127.1013533,37.5165196,공영,노상,서울특별시 송파구 신천동 10-2,서울특별시 송파구 올림픽로35다길,90
18036,교통공원길 공영주차장,127.101145,37.5150312,공영,노상,서울특별시 송파구 신천동 10-2,서울특별시 송파구 올림픽로35다길,90
18037,교통공원길,127.101145,37.5150312,공영,노상,서울특별시 송파구 신천동10-2외1,서울특별시 송파구 올림픽로35다길,90
18038,송파근린공원 공영주차장,127.1009505,37.5059125,공영,노외,서울특별시 송파구 송파동 113-2,서울특별시 송파구 백제고분로42길 5,325
18041,아차산 공영주차장,127.1003753,37.55175664,공영,노외,서울특별시 광진구 광장동 369,서울특별시 광진구 영화사로 145,39
18042,면일초교,127.099374,37.5919815,공영,노외,서울특별시 중랑구 망우동 440,서울특별시 중랑구 용마산길100길13,80
18049,동부갯,127.0987825,37.60018462,공영,노상,서울특별시 중랑구 망우동 487-17,서울특별시 중랑구 용마산로 117길,35
18057,서울놀이마당 공영주차장,127.0980479,37.50980799,공영,노외,서울특별시 송파구 잠실동 40,서울특별시 송파구 삼학사로136,17
18058,서울놀이마당,127.0980479,37.50980799,공영,노외,서울특별시 송파구 잠실동47,서울특별시 송파구 삼학사로136,17
18059,우림시장,127.0980359,37.59739938,공영,노상,서울특별시 중랑구망우동 464-3,서울특별시 중랑구 망우로62길,53
18066,맛솜씨,127.0965243,37.59834846,공영,노상,서울특별시 중랑구 망우동 470,서울특별시 중랑구 용마산로 115길,70
18067,늘봄,127.0964001,37.58981798,공영,노외,서울특별시 중랑구 면목동 22-12,서울특별시 중랑구 겸재로64길9,72
18069,탄천 공영주차장,127.0958964,37.49722091,공영,노외,서울특별시 송파구 잠실동 1082-1,서울특별시 송파구 탄천동로,859
18070,삼전동 공영주차장,127.0958732,37.5002447,공영,노외,서울특별시 송파구 삼전동 175-8,서울특별시 송파구 삼학로9길,198
18072,서울놀이마당 공영주차장,127.095637,37.5090362,공영,노외,서울특별시 송파구 잠실동 40,서울특별시 송파구 삼학사로136,17
18073,신성시장길,127.0955701,37.55703687,공영,노상,서울특별시 광진구 중곡4동 453 일대,서울특별시 광진구 영화사로,38
18074,신성시장길 노상 공영주차장,127.0955701,37.55703687,공영,노상,서울특별시 광진구 중곡4동 453 일대,서울특별시 광진구 영화사로,38
18084,석촌고분 공영주차장,127.0939846,37.5018267,공영,노외,서울특별시 송파구 석촌동 248,서울특별시 송파구 가락동7길,62
18086,동서울길 공영,127.0932696,37.5382619,공영,노상,서울특별시 광진구 구의3동 609-1 일대,서울특별시 광진구 구의강변로,67
18087,동서울호텔길 노상 공영주차장,127.0932696,37.5382619,공영,노상,서울특별시 광진구 구의3동 609-1 일대,서울특별시 광진구 구의강변로,67
18091,봉수대,127.0926216,37.60707678,공영,노외,서울특별시 중랑구 신내동 산123,서울특별시 중랑구 봉화산로 45길,31
18094,매화,127.0920217,37.59442374,공영,노상,서울특별시 중랑구 상봉동 85,서울특별시 중랑구 봉우재로 49길9,28
18096,동원시장,127.0919438,37.59001615,공영,노외,서울특별시 중랑구 면목동 74-33,서울특별시 중랑구 상봉로11길,26
18097,은행나무,127.0915778,37.58705758,공영,노외,서울특별시 중랑구 면목동 107-5,서울특별시 중랑구 겸재로54가길4,97
18099,구의3동 공영주차장,127.0913608,37.53915358,공영,노외,서울특별시 광진구 구의동 219-15,서울특별시 광진구 광나루로52길 83,160
18100,구의3동 공영주차장,127.0913608,37.53915358,공영,노외,서울특별시 광진구 구의동 219-15,서울특별시 광진구 광나루로52길 83,159
18122,용마폭포,127.0891204,37.57335354,공영,노외,서울특별시 중랑구 면목동 산-1,서울특별시 중랑구 용마산로250-12,72
18132,구의1동 공영주차장,127.0878657,37.53826965,공영,노외,서울특별시 광진구 구의동 243-78,서울특별시 광진구 자양로18길 78,172
18133,구의1동 공영주차장,127.0878657,37.53826965,공영,노외,서울특별시 광진구 구의동 243-78,서울특별시 광진구 자양로18길 78,172
18141,삼전동 공영주차장,127.0871049,37.5002236,공영,노외,서울특별시 송파구 삼전동 175-8,서울특별시 송파구 삼학로9길,198
18142,까치공원,127.0869679,37.58350755,공영,노외,서울특별시 중랑구 면목동 570,서울특별시 중랑구 사가정로49길56,90
18149,동막골(덕릉고개 초입),127.0863956,37.6752737,공영,노외,서울특별시 노원구 상계동31,서울특별시 노원구 덕릉로,39
18150,동막골(덕릉고개 초입),127.0863956,37.6752737,공영,노외,서울특별시 노원구 상계동31,서울특별시 노원구 덕릉로,39
18165,중곡3동 마을공원 공영주차장,127.0846836,37.56991861,공영,노외,서울특별시 광진구 중곡동 195-1,서울특별시 광진구 용마산로33길25,163
18166,중곡3동 마을공원 공영주차장,127.0846836,37.56991861,공영,노외,서울특별시 광진구 중곡동 195-1,서울특별시 광진구 용마산로33길25,162
18167,상봉2동,127.0843248,37.59304917,공영,노외,서울특별시 중랑구 상봉동 110-38,서울특별시 중랑구 면목로85길38,83
18168,방이동 공영주차장,127.0842646,37.50338184,공영,노외,서울특별시 송파구 방이동 52-1,서울특별시 송파구 백제고분로,131
18183,중곡초교,127.0826786,37.57476018,공영,노외,서울특별시 중랑구 면목동 380,서울특별시 중랑구 면목로27길,140
18188,중화1동,127.0816587,37.60274931,공영,노외,서울특별시 중랑구 중화동 29-2,서울특별시 중랑구 동일로136나길14,130
18189,자양전통시장 공영주차장,127.0815925,37.53379798,공영,노외,서울특별시 광진구 자양동 631-18,서울특별시 광진구 자양로13길 59,24
18190,중곡시장주차장,127.0815255,37.56370036,공영,노외,서울특별시 광진구 중곡동 221-15,서울특별시 광진구 긴고랑로11길,19
18194,중곡동복개천,127.0813635,37.56464472,공영,노상,서울특별시 광진구 중곡2동 150-196,서울특별시 광진구 긴고랑로,79
18195,중곡동복개천 노상 공영주차장,127.0813635,37.56464472,공영,노상,서울특별시 광진구 중곡2동 150-196,서울특별시 광진구 긴고랑로,80
18197,면목2동,127.0808952,37.58793394,공영,노외,서울특별시 중랑구 면목동 146-1,서울특별시 중랑구 겸재로23길27,199
18200,봉상시길 공영주차장,127.0803089,37.51007006,공영,노상,서울특별시 송파구 잠실동 177-8,서울특별시 송파구 올림픽로8길,54
18202,능동공영주차장,127.0802429,37.55404255,공영,노외,서울특별시 광진구 능동 205,서울특별시 광진구 천호대로112길 56,77
18203,능동 공영주차장,127.0802429,37.55404255,공영,노외,서울특별시 광진구 능동 205,서울특별시 광진구 천호대로112길 56,77
18206,면목5동,127.0801383,37.58319163,공영,노외,서울특별시 중랑구 면목동 162-22,서울특별시 중랑구 동일로 594,67
18211,불암산(상계제일중학교 앞),127.0793349,37.6618939,공영,노외,서울특별시 노원구 중계동산26,서울특별시 노원구 덕릉로94길,61
18212,불암산(상계제일중학교 앞),127.0793349,37.6618939,공영,노외,서울특별시 노원구 중계동산26,서울특별시 노원구 덕릉로94길,61
18213,주막거리,127.0786503,37.59359008,공영,노상,서울특별시 중랑구 상봉동 127,서울특별시 중랑구 망우로 36길,15
18219,묵중안,127.077925,37.6017139,공영,노상,서울특별시 중랑구 중화동 306,서울특별시 중랑구 봉화산로 31,59
18222,나들목,127.0779004,37.599793,공영,노상,서울특별시 중랑구 중화동 312-40,서울특별시 중랑구 중랑역로 71,119
18223,봉상시길 공영주차장,127.077828,37.5108532,공영,노상,서울특별시 송파구 잠실동 177-8,서울특별시 송파구 올림픽로8길,54
18224,신한증권,127.0778023,37.6513157,공영,노상,서울특별시 노원구 중계본동366-14,서울특별시 노원구 중계로18길,31
18225,신한증권,127.0778023,37.6513157,공영,노상,서울특별시 노원구 중계본동366-14,서울특별시 노원구 중계로18길,31
18227,유경백화점,127.0775454,37.650302,공영,노상,서울특별시 노원구 중계본동364-16,서울특별시 노원구 중계로17길,36
18228,유경백화점,127.0775454,37.650302,공영,노상,서울특별시 노원구 중계본동364-16,서울특별시 노원구 중계로17길,36
18229,자양유수지,127.0775284,37.52938581,공영,노외,서울특별시 광진구 자양동 594,서울특별시 광진구 뚝섬로52길 74,289
18230,자양유수지,127.0775284,37.52938581,공영,노외,서울특별시 광진구 자양동 594,서울특별시 광진구 뚝섬로52길 74,289
18231,북부지원주변,127.076792,37.619616,공영,노상,서울특별시 노원구 공릉1동622,서울특별시 노원구 동일로174길 27,17
18232,(구)북부지법,127.076792,37.619616,공영,노외,서울특별시 노원구 공릉1동622,서울특별시 노원구 동일로174길,29
18233,북부지원주변,127.076792,37.619616,공영,노상,서울특별시 노원구 공릉1동622,서울특별시 노원구 동일로174길 27,17
18234,(구)북부지법,127.076792,37.619616,공영,노외,서울특별시 노원구 공릉1동622,서울특별시 노원구 동일로174길,29
18237,주공5단지,127.0764455,37.6516166,공영,노상,서울특별시 노원구 중계1동359-16,서울특별시 노원구 중계로20길,31
18238,주공5단지,127.0764455,37.6516166,공영,노상,서울특별시 노원구 중계1동359-16,서울특별시 노원구 중계로20길,31
18240,아시아공원 공영주차장,127.0760964,37.5095827,공영,노외,서울특별시 송파구 잠실동 84,서울특별시 송파구 올림픽로44,115
18241,아시아,127.0760964,37.5095827,공영,노외,서울특별시 송파구 잠실동84,서울특별시 송파구 올림픽로44,115
18242,중랑초교,127.0757834,37.5891843,공영,노외,서울특별시 중랑구 면목동 192-1,서울특별시 중랑구 동일로10길 26,82
18243,가압장,127.075677,37.6662348,공영,노상,서울특별시 노원구 상계4동117-6,서울특별시 노원구 수락산로2길,25
18244,가압장,127.075677,37.6662348,공영,노상,서울특별시 노원구 상계4동117-6,서울특별시 노원구 수락산로2길,25
18248,송림식당길,127.075126,37.53444378,공영,노상,서울특별시 광진구 자양3동 712 일대,서울특별시 광진구 뚝섬로41길,102
18249,송림식당길 노상 공영주차장,127.075126,37.53444378,공영,노상,서울특별시 광진구 자양3동 712 일대,서울특별시 광진구 뚝섬로41길,102
18278,광진광장 공영,127.0732156,37.54769328,공영,노외,서울특별시 광진구 군자동 374,서울특별시 광진구 광나루로 389(군자동),30
18291,화양동 공영,127.0711809,37.54529787,공영,노외,서울특별시 광진구 화양동 63-2,서울특별시 광진구 군자로 22,44
18292,화양동 공영,127.0711809,37.54529787,공영,노외,서울특별시 광진구 화양동 63-2,서울특별시 광진구 군자로 22,44
18309,휘경유수지,127.0696,37.58811,공영,노외,서울특별시 동대문구 휘경동 348,서울특별시 동대문구 한천로326,55
18315,견인보관소노외,127.0691,37.58854,공영,노외,서울특별시 동대문구 휘경동 348,서울특별시 동대문구 한천로326,40
18324,자양4동 공영,127.0683512,37.53950431,공영,노외,서울특별시 광진구 자양동 5-5,서울특별시 광진구 아차산로32길,86
18325,신일피혁주변,127.0683,37.5666,공영,노상,서울특별시 동대문구 장안동 435~437,서울특별시 동대문구 장한로12길18,17
18327,자양4동 공영,127.0681875,37.53867909,공영,노외,서울특별시 광진구 자양동 5-5,서울특별시 광진구 (도로명주소 없음),86
18335,등나무근린공원(2001아울렛 앞),127.0676909,37.6403161,공영,노외,서울특별시 노원구 중계3동508-1,서울특별시 노원구 동일로204가길,151
18336,등나무근린공원(2001아울렛 앞),127.0676909,37.6403161,공영,노외,서울특별시 노원구 중계3동508-1,서울특별시 노원구 동일로204가길,151
18339,상계2동,127.0675467,37.6567703,공영,노외,서울특별시 노원구 상계2동373-13외1필지,서울특별시 노원구 상계로10길 14,108
18340,상계2동,127.0675467,37.6567703,공영,노외,서울특별시 노원구 상계2동373-13외1필지,서울특별시 노원구 상계로10길 14,108
18343,아시아공원 공영주차장,127.0672637,37.5101131,공영,노외,서울특별시 송파구 잠실동 84,서울특별시 송파구 올림픽로44,115
18345,동대문소방서,127.0671,37.56381,공영,노상,서울특별시 동대문구 장안동 434,서울특별시 동대문구 장한로34,9
18258,한신동성,127.0744426,37.6396737,공영,노상,서울특별시 노원구 하계1동256-7,서울특별시 노원구 노원로14길,15
18259,한신동성,127.0744426,37.6396737,공영,노상,서울특별시 노원구 하계1동256-7,서울특별시 노원구 노원로14길,15
18264,광진광장공영,127.074062,37.54766752,공영,노외,서울특별시 광진구 군자동 374,서울특별시 광진구 (도로명주소 없음),30
18265,청구건영,127.0739725,37.649959,공영,노상,"""서울특별시 노원구 중계1동360-2,15""",서울특별시 노원구 중계로19길,42
18266,청구건영,127.0739725,37.649959,공영,노상,"""서울특별시 노원구 중계1동360-2,15""",서울특별시 노원구 중계로19길,42
18273,중계4동(삼창스포츠센터 뒤),127.0735611,37.6586261,공영,노외,서울특별시 노원구 중계4동157-71,서울특별시 노원구 한글비석로19길,42
18274,중계4동(삼창스포츠센터 뒤),127.0735611,37.6586261,공영,노외,서울특별시 노원구 중계4동157-71,서울특별시 노원구 한글비석로19길,42
18275,하계동 가재울,127.0733206,37.6373174,공영,노외,서울특별시 노원구 하계1동252-6,서울특별시 노원구 한글비석로98,91
18276,하계동 가재울,127.0733206,37.6373174,공영,노외,서울특별시 노원구 하계1동252-6,서울특별시 노원구 한글비석로98,91
18358,장안보성연립,127.0664,37.56574,공영,노상,서울특별시 동대문구 장안동 426-1,서울특별시 동대문구 천호대로79길92,12
18365,건영백화점,127.0651903,37.6395423,공영,노외,서울특별시 노원구 중계2동507,서울특별시 노원구 동일로203가길,137
18366,건영백화점,127.0651903,37.6395423,공영,노외,서울특별시 노원구 중계2동507,서울특별시 노원구 동일로203가길,137
18367,석계공영,127.0651876,37.6155862,공영,노외,"""서울특별시 노원구 월계동60-1,65-1""",서울특별시 노원구 화랑로341.화랑로45길,29
18368,석계공영,127.0651876,37.6155862,공영,노외,"""서울특별시 노원구 월계동60-1,65-1""",서울특별시 노원구 화랑로341.화랑로45길,29
18370,이경시장옆,127.0648,37.59523,공영,노상,서울특별시 동대문구 이문동 85-22,서울특별시 동대문구 외대역동로81,27
18373,주공6단지,127.0645944,37.6541107,공영,노상,서울특별시 노원구 상계7동720,서울특별시 노원구 동일로218길,41
18374,주공6단지,127.0645944,37.6541107,공영,노상,서울특별시 노원구 상계7동720,서울특별시 노원구 동일로218길,41
18394,주공4-6단지,127.0629849,37.6527467,공영,노상,서울특별시 노원구 상계7동720-4,서울특별시 노원구 동일로 1350~1384옆,24
18395,주공4-6단지,127.0629849,37.6527467,공영,노상,서울특별시 노원구 상계7동720-4,서울특별시 노원구 동일로 1350~1384옆,24
18397,외대주차빌딩,127.0627,37.59515,공영,노외,서울특별시 동대문구 이문동 306-14,서울특별시 동대문구 휘경로28,84
18422,회기역 주변,127.0612,37.59026,공영,노상,서울특별시 동대문구 휘경동 255-320,서울특별시 동대문구 망우로21길서울특별시 동대문구 회기로185,90
18433,탄천 공영주차장,127.0604727,37.5124628,공영,노외,서울특별시 송파구 잠실동 1082-1,서울특별시 송파구 탄천동로,859
18435,벤처빌딩 공영주차장,127.060119,37.610909,공영,노외,서울특별시 성북구 석관동 212,서울특별시 성북구 화랑로 212,56
18436,벤처빌딩 공영주차장,127.060119,37.610909,공영,노외,서울특별시 성북구 석관동 212,서울특별시 성북구 화랑로 212,56
18437,답십리부품상가,127.0601,37.56562,공영,노상,서울특별시 동대문구 답십리동 959,서울특별시 동대문구 황물로17길,75
18438,주공7단지,127.0599957,37.658447,공영,노상,서울특별시 노원구 상계10동692-2,서울특별시 노원구 동일로220길,17
18439,주공7단지,127.0599957,37.658447,공영,노상,서울특별시 노원구 상계10동692-2,서울특별시 노원구 동일로220길,17
18441,청계산 청룡,127.059622,37.44636,공영주차장,노외,서울특별시 서초구 신원동244-3,서울특별시 서초구 청계산로11길 8-14,40
18453,마들스타디움,127.0585608,37.6442728,공영,노외,서울특별시 노원구 상계6동770-2,서울특별시 노원구 덕릉로450,167
18454,마들스타디움,127.0585608,37.6442728,공영,노외,서울특별시 노원구 상계6동770-2,서울특별시 노원구 덕릉로450,167
18465,주공3단지,127.0579964,37.6531164,공영,노상,서울특별시 노원구 상계6동735,서울특별시 노원구 동일로217길,44
18466,주공3단지,127.0579964,37.6531164,공영,노상,서울특별시 노원구 상계6동735,서울특별시 노원구 동일로217길,44
18467,주공12단지,127.0579317,37.6659979,공영,노상,서울특별시 노원구 상계9동649,서울특별시 노원구 한글비석로530옆,22
18468,주공12단지,127.0579317,37.6659979,공영,노상,서울특별시 노원구 상계9동649,서울특별시 노원구 한글비석로530옆,22
18471,충현 공영주차장,127.05762,37.553094,공영,노외,서울특별시 중구 다산동 432-462,서울특별시 중구 동호로11나길 47,110
18472,충현어린이공원 공영주차장,127.05762,37.553094,공영,노외,서울특별시 중구 다산동 432-462,서울특별시 중구 동호로11나길 47,25
18486,구청사주변,127.0566659,37.6541531,공영,노상,서울특별시 노원구 상계6동701-1,서울특별시 노원구 노해로437,87
18487,구청부설주차장,127.0566659,37.6541531,공영,노외,서울특별시 노원구 상계동701-1,서울특별시 노원구 노해로437,216
18488,구청사주변,127.0566659,37.6541531,공영,노상,서울특별시 노원구 상계6동701-1,서울특별시 노원구 노해로437,87
18489,구청부설주차장,127.0566659,37.6541531,공영,노외,서울특별시 노원구 상계동701-1,서울특별시 노원구 노해로437,216
18493,노원골,127.0565291,37.6757895,공영,노상,서울특별시 노원구 상계1동1120,서울특별시 노원구 동일로242길,71
18494,노원골,127.0565291,37.6757895,공영,노상,서울특별시 노원구 상계1동1120,서울특별시 노원구 동일로242길,71
18500,청계산근린광장,127.056126,37.446471,공영주차장,노외,서울특별시 서초구 원지동355-1,,89
18502,주공1-3단지,127.0559917,37.6427545,공영,노상,서울특별시 노원구 상계6동766-2,서울특별시 노원구 동일로 1333~1379옆,45
18503,주공1-3단지,127.0559917,37.6427545,공영,노상,서울특별시 노원구 상계6동766-2,서울특별시 노원구 동일로 1333~1379옆,45
18515,주공11단지,127.0556395,37.6657378,공영,노상,서울특별시 노원구 상계8동652,서울특별시 노원구 동일로227길25옆,26
18516,주공11단지,127.0556395,37.6657378,공영,노상,서울특별시 노원구 상계8동652,서울특별시 노원구 동일로227길25옆,26
18538,삼희상가,127.0545,37.5666,공영,노상,서울특별시 동대문구 답십리동 530,서울특별시 동대문구 황물로150,19
18563,마을공원 공영주차장,127.053322,37.617081,공영,노외,서울특별시 성북구 장위동 77-79,서울특별시 성북구 장위동 77-79,98
18564,마을공원 공영주차장,127.053322,37.617081,공영,노외,서울특별시 성북구 장위동 77-79,서울특별시 성북구 장위동 77-79,98
18573,한천로 공영주차장,127.052612,37.620722,공영,노외,서울특별시 성북구 장위동 158-1,서울특별시 성북구 한천로719,53
18597,신답고가,127.0505,37.56965,공영,노상,서울특별시 동대문구 답십리동 530-5,서울특별시 동대문구 고미술로11,22
18603,(구)구청별관공영주차장,127.0496321,37.6527291,공영,노상,서울특별시 도봉구 창동 23-1,서울특별시 도봉구 마들로11길,30
18614,구룡공원구립주차장,127.048628,37.471645,공영주차장,노외,서울특별시 서초구 양재2동399,서울특별시 서초구 논현로5길29,83
18619,서원주차장,127.04786,37.67482,민영,노외,서울특별시 도봉구 도봉동 632-3,서울특별시 도봉구 도봉2동 632-3,10
18623,도봉월드상가공영주차장,127.0471805,37.6681362,공영,노상,서울특별시 도봉구 방학동 720-4,서울특별시 도봉구 마들로,17
18630,에이비씨주차장,127.04649,37.6701,민영,노외,서울특별시 도봉구 도봉동 639,서울특별시 도봉구 마들로 672,45
18631,도봉2동법조1타운공영주차장,127.04648,37.67385,공영,노외,서울특별시 도봉구 도봉동 624-105,서울특별시 도봉구 도봉로160길,164
18634,도봉2동법조2타운공영주차장,127.04625,37.67425,공영,노외,서울특별시 도봉구 도봉동 624-105,서울특별시 도봉구 도봉로160길,64
18640,구룡공영주차빌딩,127.045908,37.474112,공영주차장,노외,서울특별시 서초구 양재2동301-6,서울특별시 서초구 동산로19길37,104
18641,도봉전철,127.04576,37.68103,민영,노외,서울특별시 도봉구 도봉동 62-20,서울특별시 도봉구 도봉로 170길 2,206
18650,오토주차장,127.04514,37.67609,민영,노외,서울특별시 도봉구 도봉동 92-73,서울특별시 도봉구 도봉로152가길 148,28
18658,도봉2동제2공영주차장,127.04442,37.67228,공영,노외,서울특별시 도봉구 도봉동 639,서울특별시 도봉구 도봉로152가길,58
18659,언남문화체육센터 공영주차장,127.044346,37.472717,공영주차장,노외,서울특별시 서초구 양재2동310,서울특별시 서초구 동산로55,92
18660,동산마을구립주차장,127.044326,37.470008,공영주차장,노외,서울특별시 서초구 양재2동370-5,서울특별시 서초구 강남대로8길77,82
18663,새동네주차장,127.04346,37.68768,민영,노외,서울특별시 도봉구 도봉동 282-2,서울특별시 도봉구 도봉산길,23
18664,창2동제1공영주차장,127.04336,37.64896,공영,노외,서울특별시 도봉구 창동 623-42,서울특별시 도봉구 도봉로104길,19
18665,기현주차장,127.04335,37.67167,민영,노외,서울특별시 도봉구 도봉동 617-28,서울특별시 도봉구 시루봉 29길 10,7
18668,방학1동 제1공영주차장,127.04284,37.66938,공영,노외,서울특별시 도봉구 방학동 653-15,서울특별시 도봉구 도당로31길,18
18669,도봉1동제1공영주차장,127.04252,37.67488,공영,노외,서울특별시 도봉구 도봉동 599-34,서울특별시 도봉구 시루봉로23다길,19
18670,바로선병원주차장,127.04249,37.66038,민영,노외,서울특별시 도봉구 창동 749-9,서울특별시 도봉구 창동 749-9,21
18673,도봉동화학부대공영주차장,127.042,37.67415,공영,노외,서울특별시 도봉구 도봉동 132-1,서울특별시 도봉구 시루봉로23길,135
18674,인봉주차장,127.04169,37.67001,민영,노외,서울특별시 도봉구 도봉동 611-26,서울특별시 도봉구 도봉로153길 30 (도봉동),27
18675,창3동제1공영주차장,127.04153,37.63287,공영,노외,서울특별시 도봉구 창동 504-21,서울특별시 도봉구 우이천로4길,80
18679,양재주차빌딩,127.041321,37.478478,공영주차장,노외,서울특별시 서초구 양재1동90-2,서울특별시 서초구 양재천로125-10,80
18682,동방고개 공영주차장,127.040977,37.614643,공영,노외,서울특별시 성북구 장위동 230-110,서울특별시 성북구 장위로 13길 9,66
18683,동방고개 공영주차장,127.040977,37.614643,공영,노외,서울특별시 성북구 장위동 230-110,서울특별시 성북구 장위로 13길 9,66
18684,동서시장과일채소,127.0408,37.57997,공영,노상,서울특별시 동대문구 제기동 988-1000,서울특별시 동대문구 경동시장로19-1,94
18685,동서시장식품부,127.0406,37.58204,공영,노상,서울특별시 동대문구 제기동 620-847,서울특별시 동대문구 경동시장로40서울특별시 동대문구 경동시장로9가길8,62
18686,정화여상,127.0404,37.58558,공영,노상,서울특별시 동대문구 제기동 289-768,서울특별시 동대문구 제기로68서울특별시 동대문구 경동시장로47,95
18687,서울사다리조합,127.04029,37.67883,민영,노외,서울특별시 도봉구 도봉동 592-0,서울특별시 도봉구 도봉로 171길 60,25
18691,창5동제1공영주차장,127.0396,37.65249,공영,노외,서울특별시 도봉구 창동 690-1,서울특별시 도봉구 도봉로126길,9
18692,방학1동제2공영주차장,127.03917,37.66582,공영,노외,서울특별시 도봉구 방학동 684-4,서울특별시 도봉구 방학로4길,9
18694,쌍문2동제3공영주차장,127.03869,37.66107,공영,노외,서울특별시 도봉구 쌍문동 710-4,서울특별시 도봉구 도봉로139길,37
18695,텃골주차장,127.03855,37.67277,민영,노외,서울특별시 도봉구 도봉동 451,서울특별시 도봉구 시루봉로23가길 11-64,12
18696,양재시민의숲(매헌역),127.038335,37.469647,공영주차장,노외,서울특별시 서초구 양재2동237-2,,50
18697,시민의숲 동측,127.038203,37.47266,공영주차장,노외,서울특별시 서초구 양재2동237,,147
18703,창2동제3공영주차장,127.0375,37.63841,공영,노외,서울특별시 도봉구 창동 578-4,서울특별시 도봉구 덕릉로55길,18
18706,창1동제1공영주차장,127.037192,37.647025,공영,노외,서울특별시 도봉구 창동 657-37,서울특별시 도봉구 도봉로112길,42
18708,인터넷익스프레스,127.03699,37.66974,민영,노외,서울특별시 도봉구 방학동 600-9,서울특별시 도봉구 시루봉로,7
18711,번2동(무인),127.0365899,37.62670575,공영,노외,서울특별시 강북구 번동 148-140,서울특별시 강북구 오현로 21길 6(번동),20
18712,창2동제4공영주차장,127.03647,37.64129,공영,노외,서울특별시 도봉구 창동 582-22,서울특별시 도봉구 덕릉로55길,82
18714,정릉천변,127.0362,37.58403,공영,노상,서울특별시 동대문구 제기2동 1204~1206,서울특별시 동대문구 정릉천동로107,64
18718,쌍문주차장,127.03584,37.64945,민영,노외,서울특별시 도봉구 창동 661-27,서울특별시 도봉구 창동 661-27,11
18722,창2동제2공영주차장,127.03532,37.64113,공영,노외,서울특별시 도봉구 창동 632-75,서울특별시 도봉구 덕릉로59차길,12
18726,방학2동제1공영주차장,127.03463,37.66721,공영,노외,서울특별시 도봉구 방학동 629-12,서울특별시 도봉구 도당로13바길,20
18727,쌍문3동제1공영주차장,127.03459,37.65052,공영,노외,서울특별시 도봉구 방학동 684-4,서울특별시 도봉구 노해로60길,8
18731,방학동도깨비시장공영주차장,127.03396,37.66448,공영,노외,서울특별시 도봉구 방학동 632-1,서울특별시 도봉구 방학로10길 51 (방학동),81
18732,쌍문화주차장,127.0338,37.64763,민영,노외,서울특별시 도봉구 쌍문동 96-24,서울특별시 도봉구 도봉로 469-1,16
18734,방학2동제4공영주차장,127.03375,37.66667,공영,노외,서울특별시 도봉구 방학동 600-13,서울특별시 도봉구 시루봉로,34
18735,방학2동제2공영주차장,127.03361,37.66553,공영,노외,서울특별시 도봉구 방학동 632-14,서울특별시 도봉구 도당로13다길,30
18736,송중동,127.0335879,37.61163131,공영,노외,서울특별시 강북구 미아동 48-1,서울특별시 강북구 월계로 7길 36(미아동),53
18737,쌍문2동제1공영주차장,127.03355,37.65128,공영,노외,서울특별시 도봉구 쌍문동 85-37,서울특별시 도봉구 노해로,14
18738,쌍문2동제2공영주차장,127.03353,37.65319,공영,노외,서울특별시 도봉구 쌍문동 81-102,서울특별시 도봉구 도봉로123길,18
18739,송중동(임시),127.0335243,37.61120246,공영,노외,서울특별시 강북구 미아동 860-123,서울특별시 강북구 도봉로 8길 67 (송중동),6
18740,번동햇살,127.0334082,37.62509933,공영,노외,서울특별시 강북구 번2동148-380,서울특별시 강북구 오현로21길 84(번동),187
18741,한양주차장,127.03325,37.64824,민영,노외,서울특별시 도봉구 쌍문동 94-50,서울특별시 도봉구 도봉로 113길 16,9
18746,쌍문주차장,127.03294,37.6463,민영,노외,서울특별시 도봉구 쌍문동 103-1,서울특별시 도봉구 도봉로 451,50
18748,무수골주말농장,127.03277,37.67646,민영,노외,서울특별시 도봉구 도봉동 463-1,서울특별시 도봉구 도봉동 463-1,49
18760,방학2동제3공영주차장,127.03163,37.66807,공영,노외,서울특별시 도봉구 방학동 612-8,서울특별시 도봉구 시루봉로15마길,23
18761,오패산,127.031164,37.62209065,공영,노외,서울특별시 강북구 미아동 133-100,서울특별시 강북구 도봉로 34길 54(미아동),76
18764,쌍문4동제1공영주차장,127.03084,37.65208,공영,노외,서울특별시 도봉구 쌍문동 137-139,서울특별시 도봉구 노해로53길,12
18784,교육청길,127.0297173,37.61873574,공영,노상,서울특별시 강북구 송중동 137-19,서울특별시 강북구 도봉로20가길 3,94
18786,쌍문3동제2공영주차장,127.02934,37.64925,공영,노외,서울특별시 도봉구 쌍문동 315-62,서울특별시 도봉구 도봉로109길,32
18796,261주차장,127.02849,37.65644,민영,노외,서울특별시 도봉구 쌍문동 261,서울특별시 도봉구 시루봉로,24
18797,큰마을길,127.0282452,37.61975242,공영,노상,서울특별시 강북구 송천동309-14,서울특별시 강북구 도봉로 117,43
18803,용두동청계주변,127.028,37.5712,공영,노상,서울특별시 동대문구 용두동 254-255,서울특별시 동대문구 청계천로5길47서울특별시 동대문구 무학로23길,52
18812,개운산 공영주차장,127.026326,37.596715,공영,노외,서울특별시 성북구 종암동 54-182,서울특별시 성북구 북악산로 949-60,11
18813,개운산 공영주차장,127.026326,37.596715,공영,노외,서울특별시 성북구 종암동 54-182,서울특별시 성북구 북악산로 949-60,11
18816,환승주차장,127.025823,37.604061,공영,노외,서울특별시 성북구 하월곡동 104-112,서울특별시 성북구 동소문로 260,147
18817,환승주차장,127.025823,37.604061,공영,노외,서울특별시 성북구 하월곡동 104-112,서울특별시 성북구 동소문로 260,147
18818,시  범,127.0257738,37.6399531,공영,노외,서울특별시 강북구 수유동 190-11,서울특별시 강북구 한천로 139가길 10(수유동),45
18819,쌍문1동제2공영주차장,127.02577,37.64858,공영,노외,서울특별시 도봉구 쌍문동 378-35,서울특별시 도봉구 우이천로30길,11
18820,구청앞,127.0257509,37.63928637,공영,노상,서울특별시 강북구 수유동 191,서울특별시 강북구 한천로139길,21
18823,으뜸공원(무인),127.0252199,37.6236742,공영,노상,서울특별시 강북구 송천동 327-5외,서울특별시 강북구 삼양로54길 133,49
18826,송천동(노인),127.0251534,37.61456343,공영,노외,서울특별시 강북구 미아동 439-138,서울특별시 강북구 숭인로7나길 23(미아동),59
18827,가오천,127.025127,37.64361484,공영,노상,서울특별시 강북구 수유동 181-1외,서울특별시 강북구 한천로150길 46,66
18838,방학주차장,127.02359,37.66185,민영,노외,서울특별시 도봉구 방학동 468-1,서울특별시 도봉구 방학로,23
18840,수유쌈지,127.0235642,37.63209336,공영,노외,서울특별시 강북구 수유동 612-6,서울특별시 강북구 도봉로 265(수유동),19
18845,황학어린이공원 공영주차장,127.023392,37.569758,공영,노외,서울특별시 중구 확학동 775,서울특별시 중구 다산로48길 33,113
18851,길음시장 공영주차장,127.0226,37.6036883,공영,노외,서울특별시 성북구 길음동 1286-8,서울특별시 성북구 길음로 7길 20,56
18852,제일유료주차장,127.0224136,37.5729778,민영,노외,서울특별시 종로구 숭인동 1424,서울특별시 종로구 난계로27길 13 (숭인동),25
18853,미아동(헬스장),127.0223442,37.62856173,공영,노외,서울특별시 강북구 미아동 222-100,서울특별시 강북구 도봉로 61길 46(미아동),155
18855,쌍문1동제1공영주차장,127.02226,37.6533,공영,노외,서울특별시 도봉구 쌍문동 460-103,서울특별시 도봉구 우이천로38길,29
18856,수유마을시장,127.0221772,37.63074936,공영,노외,서울특별시 강북구 수유1동55-53,서울특별시 강북구 도봉로69길 27(수유1동),116
18857,금강주차장종로지점,127.0221019,37.57555831,민영,노외,서울특별시 종로구 숭인동 1063,서울특별시 종로구 종로 405,68
18858,재원,127.0220423,37.57292381,민영,노외,서울특별시 종로구 숭인동 1425,서울특별시 종로구 종로 66길 43,16
18862,수유2동,127.0218735,37.64603012,공영,노외,서울특별시 강북구 수유동 660-30,서울특별시 강북구 한천로160길 40(수유동),62
18863,숭인2공영,127.0218669,37.5770468,공영,노외,서울특별시 종로구 숭인동 746,서울특별시 종로구 숭인동 746,15
18864,천일(평명식),127.0217435,37.57337797,민영,노외,서울특별시 종로구 숭인동 202-37,서울특별시 종로구 종로66길 36,10
18865,88,127.0215492,37.57467184,민영,노외,서울특별시 종로구 숭인동 1383-2,서울특별시 종로구 종로 398,25
18866,숭인4공영,127.0215367,37.57843079,공영,노외,서울특별시 종로구 숭인동 471,서울특별시 종로구 숭인동 471,23
18872,언구비주차빌딩,127.020988,37.504727,공영주차장,노외,서울특별시 서초구 반포1동741-3,서울특별시 서초구 강남대로83길55,25
18873,신당역 공영주차장,127.020745,37.565269,공영,노외,서울특별시 중구 신당5동 140-29,서울특별시 중구 다산로44길 67,26
18874,신당역 공영주차장,127.020724,37.566186,공영,노외,서울특별시 중구 백학동 140-29,서울특별시 중구 다산로44길 67,26
18877,색동공원,127.0205691,37.63313907,공영,노외,서울특별시 강북구 수유동 49-7,서울특별시 강북구 삼양로80나길 52(수유동),80
18879,대지시장길(노인),127.0202393,37.62014329,공영,노외,서울특별시 강북구 미아동 703-8,서울특별시 강북구 솔샘로243-8(미아동),47
18882,신운중기,127.01976,37.66303,민영,노외,서울특별시 도봉구 방학동 592-0,서울특별시 도봉구 방학로,4
18883,벽산,127.0197238,37.6409021,공영,노상,서울특별시 강북구 수유동 36-1외,서울특별시 강북구 삼각산로 140,45
18884,대명,127.019643,37.57500734,민영,노외,서울특별시 종로구 숭인동 178-111,서울특별시 종로구 숭인동 178-111,8
18885,보루네오,127.0195566,37.57367028,민영,노외,서울특별시 종로구 숭인동 228-1,서울특별시 종로구 숭인동 228-1,15
18886,냉천길,127.0195381,37.62400684,공영,노외,서울특별시 강북구 미아동 756-1,서울특별시 강북구 삼양로 230-12 외(미아동),103
18890,빨래골,127.0193955,37.63346002,공영,노상,서울특별시 강북구 수유동 49-27,서울특별시 강북구 수유로30,35
18893,대성(평면식),127.0192666,37.57289907,민영,노외,서울특별시 종로구 숭인동 226-17,서울특별시 종로구 종로62길 24,30
18895,숭인제3공영주차장,127.0190403,37.57332438,공영,노외,서울특별시 종로구 숭인동 227-8,서울특별시 종로구 숭인동 227-8,15
18896,동화동 공영주차장,127.018989,37.56137,공영,노외,서울특별시 중구 동화동 52-7,서울특별시 중구 다산로36가길 13,129
18899,동화동 공영주차장,127.018945,37.561868,공영,노외,서울특별시 중구 동화동 52-7,서울특별시 중구 다산로36가길 13,129
18902,나눔터길,127.0185853,37.63741007,공영,노상,서울특별시 강북구 인수동 605-28외,서울특별시 강북구 수유로,51
18903,인수동,127.0185352,37.63617032,공영,노외,서울특별시 강북구 인수동 126,서울특별시 강북구 삼양로 92길 34(수유동),89
18904,반포동 방음언덕형 구립주차장,127.018491,37.504285,공영주차장,노외,서울특별시 서초구 반포1동730,서울특별시 서초구 주흥3길34,63
18906,삼양마을공원(노인),127.0182192,37.62290064,공영,노외,서울특별시 강북구 미아동 748-2,서울특별시 강북구 삼양로47길 15(미아동),95
18907,황학어린이공원 공영주차장,127.018123,37.567526,공영,노외,서울특별시 중구 황학동 755,서울특별시 중구 다산로48길 33,113
18908,한성,127.0180217,37.57433365,민영,노외,서울특별시 종로구 숭인동 72-33,서울특별시 종로구 숭인동 72-33,25
18909,강원,127.0178262,37.5709964,민영,노외,서울특별시 종로구 창신3동 285,서울특별시 종로구 지봉로 2길 19,15
18910,동문(평면식),127.0177953,37.57400572,민영,노외,서울특별시 종로구 숭인동 72-83,서울특별시 종로구종로63다길17,10
18911,수유일공원,127.0174462,37.63066006,공영,노외,서울특별시 강북구 수유동 605-407,서울특별시 강북구 삼양로 79길 5(수유동),91
18912,신당사거리 공영주차장,127.017138,37.566055,공영,노외,서울특별시 중구 백학동 110-10,서울특별시 중구 퇴계로 408,45
18913,신당사거리 공영주차장,127.01699,37.565173,공영,노외,서울특별시 중구 신당5동 110-1,서울특별시 중구 퇴계로 408,45
18914,은혜(무인),127.0169834,37.62796077,공영,노외,서울특별시 강북구 미아동 791-1049,서울특별시 강북구 삼양로 67길 16(미아동),20
18916,구청부설주차장,127.016844,37.589431,공영,노외,서울특별시 성북구 삼선동5가 411,서울특별시 성북구 보문로 168,204
18917,구청부설주차장,127.016844,37.589431,공영,노외,서울특별시 성북구 삼선동5가 411,서울특별시 성북구 보문로 168,204
18918,무궁화구립주차장,127.016832,37.492175,공영주차장,노외,서울특별시 서초구 서초1동1666-17,서울특별시 서초구 서초대로54길45,46
18920,청계8가 공영주차장,127.016754,37.569765,공영,노상,서울특별시 중구 흥인동 167-1,서울특별시 중구 청계천로,19
18924,진선,127.0166042,37.57297516,민영,노외,서울특별시 종로구 숭인동 292-1,서울특별시 종로구 숭인동 292-1,25
18926,화원,127.0163772,37.57043439,민영,노외,서울특별시 종로구 창신1동 399-2,서울특별시 종로구 지봉로 2길 3,14
18929,잠원동방음언덕형,127.016135,37.515762,공영주차장,노외,서울특별시 서초구 잠원동10-33,서울특별시 서초구 강남대로109길67-4,62
18932,동산 공영주차장,127.015938,37.556287,공영,노외,서울특별시 중구 신당4동 333-260,서울특별시 중구 다산로24가길 23,83
18933,동산 공영주차장,127.015885,37.557213,공영,노외,서울특별시 중구 신당4동 333-260,서울특별시 중구 다산로24가길 23,83
18935,삼양시장길(무인),127.0156916,37.62586706,공영,노외,서울특별시 강북구 미아동 791-1429,서울특별시 강북구 솔매로 7가길 33(미아동),43
18936,숭인1기계공영,127.0156271,37.57782264,공영,노외,서울특별시 종로구 숭인동 55-2,서울특별시 종로구 지봉로 86,38
18937,교대역동측,127.015597,37.493794,공영주차장,노외,서울특별시 서초구 서초1동1673-7,서울특별시 서초구 서초대로 308 일대,32
18939,청암(무인),127.0154194,37.62471383,공영,노외,서울특별시 강북구 미아동 791-1694,서울특별시 강북구 솔매로 22가길 20(미아동),47
18945,창일공영,127.0150605,37.57486746,공영,노외,서울특별시 종로구 창신동 82,서울특별시 종로구 지봉로5길 20,86
18946,종로6가(기계식),127.0150283,37.5725465,민영,노외,서울특별시 종로구 종로6가 215-24,서울특별시 종로구 종로 336,20
18947,삼성,127.0150194,37.57338262,민영,노외,서울특별시 종로구 창신1동 326-6,서울특별시 종로구 창신동 285,17
18948,가오리(노인),127.0149878,37.64160556,공영,노외,서울특별시 강북구 수유동 349-3,서울특별시 강북구 삼양로 107길 30(수유동),120
18949,경동고 공영주차장,127.014897,37.586125,공영,노외,서울특별시 성북구 삼선동3가 43-1,서울특별시 성북구 보문로29길 49,124
18950,경동고 공영주차장,127.014897,37.586125,공영,노외,서울특별시 성북구 삼선동3가 43-1,서울특별시 성북구 보문로29길 49,124
18959,신당동 공영주차장,127.014444,37.563124,공영,노외,서울특별시 중구 신당동 300-11,서울특별시 중구 청구로8길 40,24
18960,신당동 공영주차장,127.014296,37.562026,공영,노외,서울특별시 중구 신당동 300-11,서울특별시 중구 청구로8길 40,24
18967,낙산공영,127.0138067,37.57732913,공영,노외,서울특별시 종로구 창신동 23-243,서울특별시 종로구 창신동 23-243,50
18972,약수동 공영주차장,127.013477,37.553465,공영,노외,서울특별시 중구 약수동 349-234,서울특별시 중구 동호로8다길 22,90
18973,구세군길(무인),127.0134713,37.62607275,공영,노외,서울특별시 강북구 미아동 791-1364,서울특별시 강북구 인수봉로20가길21(미아동),87
18976,청구 공영주차장,127.013414,37.559719,공영,노외,서울특별시 중구 청구동 330-17,서울특별시 중구 다산로 174,51
18977,창신3제2공영,127.0133539,37.57766435,공영,노외,서울특별시 종로구 창신3동 23-341,서울특별시 종로구 창신3동 23-341,25
18978,청구 공영주차장,127.013344,37.558923,공영,노외,서울특별시 중구 청구동 330-17,서울특별시 중구 다산로 174,51
18979,약수동 공영주차장,127.0133,37.552237,공영,노외,서울특별시 중구 약수동 349-234,서울특별시 중구 동호로8다길 22,90
18987,"동대문호텔(이스턴H),평면식",127.0126962,37.57141152,민영,노외,서울특별시 종로구창신3동 444-1,서울특별시 종로구 창신동 458-5,4
18988,교통광장,127.0126665,37.66336998,공영,노외,서울특별시 강북구 우이동 265,서울특별시 강북구 삼양로 678(우이동),56
18989,창신,127.0126148,37.57179715,민영,노외,서울특별시 종로구 창신1동 458-5,서울특별시 종로구 창신동 525-2,14
18991,창신3제1공영,127.012534,37.57630934,공영,노외,서울특별시 종로구 창신3동 23-346,서울특별시 종로구 창신3동 23-346,78
18997,우성,127.0124154,37.57084933,민영,노외,서울특별시 종로구 창신2동 647-12,서울특별시 종로구 창신동 433-5,16
18998,한양공고뒤 공영주차장,127.012301,37.56601,공영,노상,서울특별시 중구  신당동 251-20,서울특별시 중구 퇴계로71길,17
19001,맑은내길 공영주차장,127.012269,37.569414,공영,노상,서울특별시 중구 신당동 217-123,서울특별시 중구 마장로1길,17
19003,새싹마을 공영주차장,127.012171,37.55956,공영,노외,서울특별시 중구 신당동 304-759,서울특별시 중구 동호로12길 97,12
19005,마른내길 공영주차장,127.012021,37.570108,공영,노상,서울특별시 중구 신당동 213-10,서울특별시 중구 마장로1길,17
19006,새싹마을 공영주차장,127.012019,37.560728,공영,노외,서울특별시 중구 다산동 386-66,서울특별시 중구 동호로12길 97,12
19009,우이동,127.0115911,37.65671363,공영,노외,서울특별시 강북구 우이동 105-2,서울특별시 강북구 삼양로 155길 33(우이동),82
19015,남평화시장앞 공영주차장,127.011046,37.569615,공영,노상,서울특별시 중구  신당동 779,서울특별시 중구 마장로1길,32
19016,문화 공영주차장,127.010985,37.556504,공영,노외,서울특별시 중구 다산동 425-1,서울특별시 중구 동호로12길 29,31
19018,남평화시장앞 공영주차장,127.010806,37.569157,공영,노상,서울특별시 중구  신당동 772,서울특별시 중구 마장로1길,32
19024,동문,127.0104911,37.57099728,민영,노외,서울특별시 종로구 창신1동 433-5,서울특별시 종로구 창신동 444-1,25
19030,우성,127.0104463,37.57416157,민영,노외,서울특별시 종로구 운니동 28,서울특별시 종로구 창신2동 647-12,21
19031,창일(평면식),127.0104462,37.57415076,민영,노외,서울특별시 종로구 창신1동 401-46,서울특별시 종로구 창신길 55,12
19032,미도아파트앞 주차빌딩,127.010444,37.500063,공영주차장,노외,서울특별시 서초구 반포4동49-8,서울특별시 서초구 서초중앙로31길14-5,169
19033,창이공영,127.0103245,37.57760699,공영,노외,서울특별시 종로구 창신동 23-611,서울특별시 종로구 창신8길 33,20
19034,법원입구도로,127.010279,37.49416,공영주차장,노상,서울특별시 서초구 서초3동1704주변,서울특별시 서초구 법원로 16주변,27
19035,반포복개천,127.010182,37.503961,공영주차장,노상,서울특별시 서초구 반포4동57주변,서울특별시 서초구 서초중앙로255주변,39
17558,천호1동,127.1362629,37.5449888,공영,노외,서울특별시 강동구 천호동 87-26번지,서울특별시 강동구 구천면로42길 60(천호동),192
17559,천호1동 주차장,127.1362629,37.5449888,공영,노외,서울특별시 천호동 221-3,서울특별시 강동구 구천면로42길 60(천호동),192
17560,천호1동,127.1362629,37.5449888,공영,노외,서울특별시 강동구 천호동 87-26번지,서울특별시 강동구 구천면로42길 60(천호동),192
17608,천호3동제2 주차장,127.1339355,37.5408551,공영,노외,서울특별시 강동구 천호동 174-1,서울특별시 강동구 성안로31마길 3(천호동),92
17617,천호3동,127.1332852,37.5391304,공영,노외,서울특별시 강동구 천호동 167-195번지,서울특별시 강동구 진황도로29길 34(천호동),189
17618,천호3동 주차장,127.1332852,37.5391304,공영,노외,서울특별시 천호3동 167-195,서울특별시 강동구 진황도로29길 34(천호동),190
17619,천호3동,127.1332852,37.5391304,공영,노외,서울특별시 강동구 천호동 167-195번지,서울특별시 강동구 진황도로29길 34(천호동),189
16865,강일동,127.1734463,37.5654025,공영,노상,서울특별시 강동구 강일동 678번지,서울특별시 강동구 아리수로93길 9-14일대 (강일동),48
16866,강일동,127.1734463,37.5654025,공영,노상,서울특별시 강동구 강일동 678번지,서울특별시 강동구 아리수로93길 9-14일대 (강일동),48
16871,강일동,127.1723438,37.5660191,공영,노외,서울특별시 강동구 강일동 665-4번지,서울특별시 강동구 아리수로91길 54(강일동),81
16872,강일동 주차장,127.1723438,37.5660191,공영,노외,서울특별시 강동구 강일동 292-2,서울특별시 강동구 아리수로91길 54(강일동),82
16873,강일동,127.1723438,37.5660191,공영,노외,서울특별시 강동구 강일동 665-4번지,서울특별시 강동구 아리수로91길 54(강일동),81
17145,마천동2 공영주차장,127.1562598,37.49428047,공영,노외,서울특별시 송파구 마천동 364-5,서울특별시 송파구 성내천로299-7,113
17146,마천2,127.1562598,37.49428047,공영,노외,서울특별시 송파구 마천동364-5,서울특별시 송파구 성내천로299-7,113
17159,마천동1 공영주차장,127.1555608,37.49528692,공영,노외,서울특별시 송파구 마천동 214,서울특별시 송파구 성내천로43길 6,220
17160,마천1,127.1555608,37.49528692,공영,노외,서울특별시 송파구 마천동214,서울특별시 송파구 성내천로43길6,220
17181,천마 공영주차장,127.1548382,37.500247,공영,노외,서울특별시 송파구 마천동 산1-5,서울특별시 송파구 성내천로33가길 20,139
17182,천마,127.1548382,37.500247,공영,노외,서울특별시 송파구 마천동산1-5,서울특별시 송파구 성내천로33가길20,139
17183,주양쇼핑앞,127.1547143,37.551799,공영,노상,서울특별시 강동구 명일동 54번지,서울특별시 강동구 동남로71길(명일동),50
17184,주양쇼핑앞 주차장,127.1547143,37.551799,공영,노상,서울특별시 강동구 명일2동 48,서울특별시 강동구 동남로71길(명일동),50
17185,주양쇼핑앞,127.1547143,37.551799,공영,노상,서울특별시 강동구 명일동 54번지,서울특별시 강동구 동남로71길(명일동),50
17218,주양쇼핑옆,127.153075,37.5529667,공영,노상,서울특별시 강동구 명일동 48번지,서울특별시 강동구 고덕로62길(명일동),45
17219,주양쇼핑옆 주차장,127.153075,37.5529667,공영,노상,서울특별시 강동구 명일2동 47-21,서울특별시 강동구 고덕로62길(명일동),45
17220,주양쇼핑옆,127.153075,37.5529667,공영,노상,서울특별시 강동구 명일동 48번지,서울특별시 강동구 고덕로62길(명일동),45
17266,거여동 공영주차장,127.150353,37.4922843,공영,노외,서울특별시 송파구 거여동 33-16,서울특별시 송파구 오금로68길 8,137
17279,마천동3 공영주차장,127.1497815,37.49605484,공영,노외,서울특별시 송파구 마천동 128-4,서울특별시 송파구 마천로301-1,47
17280,마천3,127.1497815,37.49605484,공영,노외,서울특별시 송파구 마천동128-4,서울특별시 송파구 마천로301-1,47
17313,마천동2 공영주차장,127.1474904,37.4942944,공영,노외,서울특별시 송파구 마천동 364-5,서울특별시 송파구 성내천로299-7,113
17320,천마 공영주차장,127.1472549,37.5001442,공영,노외,서울특별시 송파구 마천동 산1-5,서울특별시 송파구 성내천로33가길 20,139
17322,마천동1 공영주차장,127.1468197,37.4951069,공영,노외,서울특별시 송파구 마천동 214,서울특별시 송파구 성내천로43길 6,220
17392,명일동,127.1429173,37.5510439,공영,노외,서울특별시 강동구 명일동 312-250번지,서울특별시 강동구 구천면로 395(명일동),253
17393,명일동 주차장,127.1429173,37.5510439,공영,노외,서울특별시 강동구 명일동 312-250,서울특별시 강동구 구천면로 395(명일동),254
17394,명일동,127.1429173,37.5510439,공영,노외,서울특별시 강동구 명일동 312-250번지,서울특별시 강동구 구천면로 395(명일동),253
17415,거여동 공영주차장,127.141581,37.4922472,공영,노외,서울특별시 송파구 거여동 33-16,서울특별시 송파구 오금로68길 8,137
17427,마천동3 공영주차장,127.1410255,37.4960574,공영,노외,서울특별시 송파구 마천동 128-4,서울특별시 송파구 마천로301-1,47
17514,암사1동,127.1380091,37.5526841,공영,노외,서울특별시 강동구 암사동 산 59-2번지,서울특별시 강동구 고덕로 28길 36(암사동),112
17515,암사1동 주차장,127.1380091,37.5526841,공영,노외,서울특별시 강동구 암사1동 산59-2,서울특별시 강동구 고덕로 28길 36(암사동),112
17516,암사1동,127.1380091,37.5526841,공영,노외,서울특별시 강동구 암사동 산 59-2번지,서울특별시 강동구 고덕로 28길 36(암사동),112
20675,곰달래,126.835973,37.529702,공영,노외,서울특별시 양천구 신월동 226-9,서울특별시 양천구 곰달래로10길 4,107
20677,고척근린공원 지하,126.8356294,37.5058991,공영,노외,서울특별시 구로구 고척동 산 9-14,서울특별시 구로구 고척로45길 39,199
20678,고척근린공원 지하,126.8356294,37.5058991,공영,노외,서울특별시 구로구 고척동 산 9-14,서울특별시 구로구 고척로45길 39,199
20679,고척근린공원 지하,126.8356294,37.5058991,공영,노외,서울특별시 구로구 고척동 산 9-14,서울특별시 구로구 고척로45길 39,199
20680,고척근린공원 지하,126.8356294,37.5058991,공영,노외,서울특별시 구로구 고척동 산 9-14,서울특별시 구로구 고척로45길 39,199
20687,신월7동,126.835358,37.522476,공영,노외,서울특별시 양천구 신월동 964-11,,7
20693,오솔길,126.834774,37.522257,공영,노외,서울특별시 양천구 신월동 963-2,서울특별시 양천구 남부순환로70길 16-8,16
20695,화곡3-1,126.8347293,37.54176906,공영,노외,서울특별시 강서구 화곡3동 1045,서울특별시 강서구 화곡로 15길 40 (화곡동),99
20696,화곡3-1,126.8347293,37.54176906,공영,노외,서울특별시 강서구 화곡3동 1045,서울특별시 강서구 화곡로 15길 40 (화곡동),99
20697,송화시장,126.834568,37.54921468,공영,노외,서울특별시 강서구 발산1동 720-4,서울특별시 강서구 강서로 263-29,24
20698,송화시장,126.834568,37.54921468,공영,노외,서울특별시 강서구 발산1동 720-4,서울특별시 강서구 강서로 263-29,24
20771,신우,126.828575,37.534569,공영,노외,서울특별시 양천구 신월동 166-23,,107
20780,가로공원,126.827427,37.537197,공영,노외,서울특별시 양천구 신월동 263-0,서울특별시 양천구 가로공원로 133,376
20783,신월5동 복개,126.827039,37.538992,공영,노상,서울특별시 양천구 신월동 53-2,,63
20794,능골,126.824559,37.533173,공영,노외,서울특별시 양천구 신월동 152-38,,61
20829,용정주차장,126.8160103,37.56529703,민영,노외,서울특별시 강서구 방화제1동 608-9,,39
20830,용정주차장,126.8160103,37.56529703,민영,노외,서울특별시 강서구 방화제1동 608-9,,39
20831,공항제일주차장,126.8154889,37.56193731,민영,노외,서울특별시 강서구 공항동 36-12,서울특별시 강서구 공항대로15가길14,30
20832,공항제일주차장,126.8154889,37.56193731,민영,노외,서울특별시 강서구 공항동 36-12,서울특별시 강서구 공항대로15가길14,30
20845,방신시장,126.8136979,37.57209772,공영,노상,서울특별시 강서구 방화동 858,서울특별시 강서구 방화동로18길,10
20846,방신시장,126.8136979,37.57209772,공영,노상,서울특별시 강서구 방화동 858,서울특별시 강서구 방화동로18길,10
20855,국민주차장,126.8115452,37.56388804,민영,노외,서울특별시 강서구 공항동 22-54,,18
20856,국민주차장,126.8115452,37.56388804,민영,노외,서울특별시 강서구 공항동 22-54,,18
20859,문화주차장,126.8110774,37.57343063,민영,노외,"""서울특별시 강서구 방화제2동 567-2,5""",서울특별시 강서구 양천로65,252
20860,문화주차장,126.8110774,37.57343063,민영,노외,"""서울특별시 강서구 방화제2동 567-2,5""",서울특별시 강서구 양천로65,252
20867,남도주차장,126.8101312,37.57337145,민영,노외,서울특별시 강서구 방화제1동 488-18,,70
20868,남도주차장,126.8101312,37.57337145,민영,노외,서울특별시 강서구 방화제1동 488-18,,70
20879,삼성주차장,126.8090541,37.57135509,민영,노외,서울특별시 강서구 방화제2동 555-13,서울특별시 강서구 양천로10길33,40
20880,삼성주차장,126.8090541,37.57135509,민영,노외,서울특별시 강서구 방화제2동 555-13,서울특별시 강서구 양천로10길33,40
20886,씨티주차장,126.8083659,37.56253504,민영,노외,서울특별시 강서구 방화제2동 620-191,,13
20887,씨티주차장,126.8083431,37.56258546,민영,노외,서울특별시 강서구 방화제2동 620-191,,13
20890,공항시장주차장,126.8081919,37.56327357,민영,노외,서울특별시 강서구 방화제2동 620-115,,15
20891,공항시장주차장,126.8081919,37.56327357,민영,노외,서울특별시 강서구 방화제2동 620-115,,15
20899,공항주차장,126.8072317,37.56342698,민영,노외,서울특별시 강서구 방화제2동 619-1,서울특별시 강서구 개화동로27가길17,34
20900,공항주차장,126.8072317,37.56342698,민영,노외,서울특별시 강서구 방화제2동 619-1,서울특별시 강서구 개화동로27가길17,34
20913,"""G,S 파크 24 주차장""",126.8056975,37.57368499,민영,노외,"""서울특별시 강서구 방화제1동 500-7,8""",서울특별시 강서구 양천로13,110
20914,"""G,S 파크 24 주차장""",126.8056975,37.57368499,민영,노외,"""서울특별시 강서구 방화제1동 500-7,8""",서울특별시 강서구 양천로13,110
20649,화곡4-1,126.8388191,37.52995359,공영,노외,서울특별시 강서구 화곡4동 809-26,서울특별시 강서구 곰달래로 54가길 20(화곡동),138
20657,삼팔주차장,126.8378094,37.54482591,민영,노외,서울특별시 강서구 우장산동 1026-22,,11
20658,삼팔주차장,126.8378094,37.54482591,민영,노외,서울특별시 강서구 우장산동 1026-22,,11
20659,신월1동저지1구역,126.837778,37.529957,공영,노상,서울특별시 양천구 신월동 228-1,,60
20664,가로공원길지하,126.8370384,37.53723484,공영,노외,서울특별시 강서구 화곡1동 662-15,서울특별시 강서구 가로공원로지하 189,501
20665,가로공원길지하,126.8370384,37.53723484,공영,노외,서울특별시 강서구 화곡1동 662-15,서울특별시 강서구 가로공원로지하 189,501
20668,공항웨딩주차장,126.8368343,37.55609785,민영,노외,서울특별시 강서구 발산제1동 655-2,,354
20669,공항웨딩주차장,126.8368343,37.55609785,민영,노외,서울특별시 강서구 발산제1동 655-2,,354
20670,곰달래로6길,126.836619,37.526073,공영,노상,서울특별시 양천구 신월동 217-25,,54
20671,신영시장,126.836284,37.533088,공영,노외,서울특별시 양천구 신월동 114-16,,23
20672,대원주차장,126.8360913,37.5439766,민영,노외,서울특별시 강서구 화곡제3동 1020-19,,30
20673,대원주차장,126.8360913,37.5439766,민영,노외,서울특별시 강서구 화곡제3동 1020-19,,30
20700,곰달래로5길,126.834273,37.529841,공영,노상,서울특별시 양천구 신월동 126-36,,79
20701,신월1동저지2구역,126.834037,37.536332,공영,노상,서울특별시 양천구 신월동 90-1,,79
20709,마을마당,126.833128,37.530544,공영,노외,서울특별시 양천구 신월동 129-6,서울특별시 양천구 곰달래로3길 13,114
20716,구름다리,126.832814,37.524197,공영,노외,서울특별시 양천구 신월동 915-4,서울특별시 양천구 지양로14길 15,52
20744,한울,126.831741,37.520004,공영,노외,서울특별시 양천구 신월동 957-10,서울특별시 양천구 지양로7길 29,21
19071,국립의료원옆 공영주차장,127.006069,37.567106,공영,노상,서울특별시 중구 을지로 43길,서울특별시 중구 을지로 41,15
19073,동숭,127.0059543,37.57316719,민영,노외,서울특별시 종로구 종로6가 289-3,서울특별시 종로구 종로41길 45,242
19075,금미(철골),127.0058682,37.57177245,민영,노외,서울특별시 종로구 효제동 174-7,서울특별시 종로구 종로 39길 13,16
19076,대신(자주식),127.0058682,37.57177245,민영,노외,서울특별시 종로구 효제동 175-3외1필지,서울시 종로구 종로 39길 13,44
19079,충현 공영주차장,127.005645,37.552153,공영,노외,서울특별시 중구 신당2동 432-462,서울특별시 중구 동호로11나길 47,111
19082,이화공영,127.005538,37.57655495,공영,노외,서울특별시 종로구 이화동 13-2,서울특별시 종로구 율곡로 19길 17-3,101
19085,충현어린이공원 공영주차장,127.0053,37.552118,공영,노외,서울특별시 중구 신당2동 432-2483,서울특별시 중구 동호로11나길 47,24
19086,화동유료주차장,127.0052977,37.57203197,민영,노외,서울특별시 종로구 화동(평면식) 76-2,서울특별시 종로구 종로39길 27,14
19087,동숭동제2공영,127.0052623,37.58435396,공영,노외,서울특별시 종로구 동숭동 2-2,서울특별시 종로구 동숭동 2-2,10
19088,동욱,127.005189,37.57140488,민영,노외,서울특별시 종로구 종로5가 321-19,서울특별시 종로구 종로 245,22
19089,동숭공영,127.005176,37.58017696,공영,노외,서울특별시 종로구 동숭동 31-35,서울특별시 종로구 동숭1길 11-1,26
19090,아카데미,127.0051532,37.64305158,공영,노상,서울특별시 강북구 인수동 543-76,서울특별시 강북구 4.19로25길,66
19094,훈련원공원옆 공영주차장,127.005012,37.567669,공영,노상,서울특별시 중구 을지로6가 18-4,서울특별시 중구 을지로39길,8
19095,훈련원공원옆 공영주차장,127.005007,37.567675,공영,노상,서울특별시 중구 을지로6가 18-4,서울특별시 중구 을지로39길,8
19150,묵정공원지하 공영주차장,126.999638,37.564546,공영,노외,서울특별시 중구 충무로5가 21,서울특별시 중구 퇴계로45길 32-12,502
19153,대학로,126.999452,37.58455951,민영,노외,서울특별시 종로구 명륜2가 8,서울특별시 종로구 창경궁로 253-7,38
19156,유성,126.9991168,37.58940685,민영,노외,서울특별시 종로구 명륜1가 31-21,서울특별시 종로구 명륜1가 31-21,9
19159,서래마을구립주차장,126.99875,37.497137,공영주차장,노외,서울특별시 서초구 반포4동90-7,서울특별시 서초구 서래로4길5,78
19160,비원,126.9986551,37.57543423,민영,노외,서울특별시 종로구 원남동 41,서울특별시 종로구 원남동 41,22
19167,제일,126.9981115,37.58421351,민영,노외,서울특별시 종로구 명륜2가 150-1,서울특별시 종로구 성균관로 12-5 (명륜2가),27
19170,반포서래,126.997795,37.498042,공영주차장,노외,서울특별시 서초구 반포4동95-13,서울특별시 서초구 사평대로22길31,8
19173,명륜1가제1공영,126.9976313,37.59007356,공영,노외,서울특별시 종로구 명륜1가 5-14,서울특별시 종로구 성균관로 15길 10,51
19177,신원남,126.9970069,37.5748864,민영,노외,서울특별시 종로구 원남동 249-7,서울특별시 종로구 원남동 249-7,25
19178,방배역,126.997,37.48226,공영주차장,노상,서울특별시 서초구 방배동 910-16,서울특별시 서초구 방배로 99 일대,10
19180,명륜1가제2공영,126.9966938,37.5904051,공영,노외,서울특별시 종로구 명륜1가 7-69,서울특별시 종로구 성균관로 13길 30,40
19183,명륜1가제3공영,126.9966078,37.58880133,공영,노외,서울특별시 종로구 명륜1가 7-32,서울특별시 종로구 명륜1가 7-32,19
19184,진양상가옆 공영주차장,126.996598,37.564433,공영,노상,서울특별시 중구 인현동2가 181,서울특별시 중구 퇴계로41길,104
19187,명광교회옆,126.9965173,37.58669301,공영,노외,서울특별시 종로구 명륜3가 12,서울특별시 종로구 성균관로 45,9
19189,진양상가옆 공영주차장,126.996126,37.56254,공영,노상,서울특별시 중구 퇴계로 41길,서울특별시 중구 퇴계로41길,103
19192,삼풍상가 공영주차장,126.995969,37.565322,공영,노상,서울특별시 중구 인현동2가 56,서울특별시 중구 을지로20길,98
19193,삼풍상가 공영주차장,126.995946,37.566146,공영,노상,서울특별시 중구 인현동2가 56,서울특별시 중구 을지로20길,98
19194,필동 공영주차장,126.995835,37.557631,공영,노외,서울특별시 중구 필동3가 62-12,서울특별시 중구 필동로 55,48
19196,필동 공영주차장,126.99582,37.55653,공영,노외,서울특별시 중구 필동3가 62-12,서울특별시 중구 필동로 55,48
19198,대림상가 공영주차장,126.995668,37.56865,공영,노상,서울특별시 중구 산림동 174,서울특별시 중구 을지로19길,73
19199,반포2동 외국인학교,126.995662,37.404549,공영주차장,노외,서울특별시 서초구 반포2동5-1,서울특별시 서초구 신반포로15길6,135
19201,명륜3가임시공영,126.9956024,37.58863912,공영,노외,서울특별시 종로구 명륜3가 1-21,서울특별시 종로구 명륜길 28,15
19202,진양상가 인공도로 공영주차장,126.995579,37.563687,공영,노상,서울특별시 중구 인현동2가 192-56,서울특별시 중구 퇴계로41길 신성상가 서측 인공도로,14
19203,대림상가 공영주차장,126.99557,37.567707,공영,노상,서울특별시 중구 산림동 264-11,서울특별시 중구 을지로19길,73
19204,진양상가 인공도로 공영주차장,126.995559,37.563618,공영,노상,서울특별시 중구 인현동2가 192-56,서울특별시 중구 퇴계로41길 신성상가 서측 인공도로,55
19207,명륜3가공영,126.9941305,37.58912199,공영,노외,서울특별시 종로구 명륜3가 1-29,서울특별시 종로구 명륜3길 16,42
19210,국립의료원옆 공영주차장,126.993989,37.568544,공영,노상,서울특별시 중구 입정동 41,서울특별시 중구 을지로 41,15
19215,종로3가역,126.9931356,37.57273106,공영,노상,서울특별시 종로구 봉익동36,서울특별시 종로구 서순라길49,59
19230,초동 공영주차장,126.992121,37.564892,공영,노외,서울특별시 중구 초동 64-11,서울특별시 중구 마른내로 38,73
19231,초동 공영주차장,126.992101,37.564184,공영,노외,서울특별시 중구 초동 64-11,서울특별시 중구 마른내로 38,73
19232,방배열린문화센터,126.992088,37.488813,공영주차장,노외,서울특별시 서초구 방배4동852-14,서울특별시 서초구 방배로173,109
19233,중앙로공영 주차빌딩,126.992055,37.482237,공영주차장,노외,서울특별시 서초구 방배2동977-17,서울특별시 서초구 방배중앙로25,49
19238,한일,126.9919946,37.57214714,민영,노외,서울특별시 종로구 묘동 83,서울특별시 종로구 돈화문로 8길 21,9
19255,익선,126.9905726,37.57412922,민영,노외,서울특별시 종로구 익선동 111,서울특별시 종로구 삼일대로30길 50-1,8
19261,신종로,126.9902151,37.57235604,민영,노외,서울특별시 종로구 돈의동 41-2,서울특별시 종로구 돈화문로11길 23 (돈의동),20
19262,관수,126.9901884,37.56899352,민영,노외,서울특별시 종로구 관수동 143-7,서울특별시 종로구 수표로18길 6-9,5
19264,신한(평면식),126.9900334,37.57691866,민영,노외,서울특별시 종로구 와룡동 131외6필지,서울특별시 종로구 와룡동 131외6필지,20
19266,낙원,126.9896944,37.57239924,민영,노외,서울특별시 종로구 낙원동 132-1,서울특별시 종로구 낙원동 132-1,2
19267,청소년회관뒤 공영주차장,126.989612,37.567387,공영,노상,서울특별시 중구 수표동 50-1,서울특별시 중구 충무로9길,8
19268,담우,126.9894628,37.57691501,민영,노외,서울특별시 종로구 운니동 10,서울특별시 종로구 율곡로6길 7,13
19269,청소년회관뒤 공영주차장,126.989373,37.568159,공영,노상,서울특별시 중구 수표동 50-1,서울특별시 중구 충무로9길,8
19270,토속촌(평면식),126.9891787,37.56893216,민영,노외,서울특별시 종로구 관수동 155-1,서울특별시 종로구 수표로 87,250
19275,행복주차장,126.9890599,37.57612209,민영,노외,서울특별시 종로구 운니동 93,서울특별종로구 율곡로6길22,1
19279,탑골공원,126.9880601,37.57061151,공영,노상,서울특별시 종로구 종로2가 38-1,서울특별시 종로구 종로99,15
19283,원서공원,126.9876377,37.57801765,공영,노상,서울특별시 종로구 원서동 206,서울특별시 종로구 율곡로 75,17
19289,AJ파크(종로2가점),126.9869325,37.57120965,민영,노외,서울특별시 종로구 익선동 137-6,서울특별시 종로구 인사동1길 9,15
19292,건국,126.9865426,37.57383691,민영,노외,서울특별시 종로구 낙원동 280,서울특별시 종로구 인사동4길 17,97
19299,종로,126.986036,37.57106539,민영,노외,서울특별시 종로구 인사동 130-1,서울특별시 종로구 종로11길 14,19
19301,GS파크24(구 신원),126.9859267,37.5745252,민영,노외,서울특별시 종로구 경운동 65,서울특별시 종로구 인사동10길 19,16
19302,방배중앙로,126.985765,37.495423,공영주차장,노상,서울특별시 서초구 방배본동760-3일대,서울특별시 서초구 방배중앙로 156 일대,54
19306,남산동 공영주차장,126.985503,37.559175,공영,노외,서울특별시 중구 남산동2가 30-4,서울특별시 중구 퇴계로20길 24,49
19307,남산동 공영주차장,126.985482,37.560099,공영,노외,서울특별시 중구 남산동2가 30-4,서울특별시 중구 퇴계로20길 24,49
19310,해영주차장(평면식),126.9851293,37.57660099,민영,노외,서울특별시 종로구 안국동 148,서울특별시 종로구 율곡로53,25
19312,이수주차빌딩,126.985119,37.496122,공영주차장,노외,서울특별시 서초구 방배본동761-3,서울특별시 서초구 방배중앙로193,110
19315,청남문화원,126.9847663,37.58043197,민영,노외,서울특별시 종로구 가회동 141-1,서울특별시 종로구 북촌로 39 (가회동),4
19317,한미빌딩옆,126.9846548,37.57230139,공영,노상,서울특별시 종로구 인사동 194-39,서울특별시 종로구 인사동 194-39,10
19324,관훈,126.9842918,37.57555213,민영,노외,서울특별시 종로구 관훈동 112-4,서울특별시 종로구 율곡로 42,79
19332,종각,126.9838992,37.56962713,공영,노상,서울특별시 종로구 관철동 45-6,서울특별시 종로구 종로54-1,13
19333,대신(기계식),126.9838132,37.56925591,민영,노외,서울특별시 종로구 관철동 44-4,서울특별시 종로구 종로 8길 18,44
19335,서인사마당,126.9835859,37.57368157,공영,노외,서울특별시 종로구 견지동 85-18,서울특별시 종로구 인사동11길 19,45
19345,등용문빌딩주차장,126.982762,37.57284893,민영,노외,서울특별시 종로구 견지동 110-46,서울특별시 종로구 우정국로 43 (견지동),16
19348,방배복개도로제1지역,126.982669,37.477835,공영주차장,노상,서울특별시 서초구 방배동 443일대,서울특별시 서초구 동작대로26 일대,73
19349,회현롯데캐슬옆 공영주차장,126.982666,37.558246,공영,노외,서울특별시 중구 회현동2가 88-3,서울특별시 중구 소공로7길 2,27
19354,GS타임즈 인사(S&S),126.9825674,37.57231191,민영,노외,서울특별시 종로구 견지동 101외,서울특별시 종로구 삼봉로 95,46
19355,방배복개도로제2지역,126.982529,37.483097,공영주차장,노상,서울특별시 서초구 방배동 439일대,서울특별시 서초구 동작대로68 일대,85
19357,삼청공원앞,126.9824597,37.58744499,공영,노상,서울특별시 종로구 삼청동 25-1,서울특별시 종로구 삼청로 10길 13,18
19364,한국관광공사옆 공영주차장,126.982034,37.568298,공영,노상,서울특별시 중구 다동 18,서울특별시 중구 남대문로,9
19365,회현롯데캐슬옆 공영주차장,126.982029,37.55883,공영,노외,서울특별시 중구 회현동2가 67,서울특별시 중구 소공로7길 2,27
19366,한국관광공사옆 공영주차장,126.981999,37.568194,공영,노상,서울특별시 중구 다동 85-4,서울특별시 중구 남대문로,9
19367,석파랑,126.9819631,37.58097578,민영,노외,서울특별시 종로구 홍지동 125,"서울특별시 종로구 화동76-2,80",17
19376,끄레아,126.9815642,37.58234162,민영,노외,서울특별시 종로구 통의동 77(80),서울특별시 종로구 삼청로 75,45
19389,독일,126.9809691,37.57195847,민영,노외,서울특별시 종로구 창신1동 525-2,서울특별시 종로구 종로5길 32-9,6
19393,삼청공영,126.9807766,37.58118102,공영,노외,서울특별시 종로구 삼청동 5-2,서울특별시 종로구 삼청동 5-2,27
19394,해운센터앞 공영주차장,126.98067,37.563201,공영,노상,서울특별시 중구 소공동 59,서울특별시 중구 소공로,9
19396,해운센터앞 공영주차장,126.98061,37.564008,공영,노상,서울특별시 중구 소공동 59,서울특별시 중구 소공로,9
19401,다동공원 공영주차장,126.980226,37.56919,공영,노외,서울특별시 중구 다동 39-3,서울특별시 중구 을지로1길 48,15
19402,다동공원 제4 공영주차장,126.980203,37.568192,공영,노외,서울특별시 중구 다동 39-3,서울특별시 중구 을지로1길 48,15
19403,조선호텔앞 공영주차장,126.980109,37.565308,공영,노상,서울특별시 중구 소공동 87,서울특별시 중구 남대문로7길,12
19404,갤러리현대(평면),126.9801074,37.57711562,민영,노외,서울특별시 종로구 사간동 80,서울특별시 종로구 사간동 116,18
19406,다동쉼터 공영주차장,126.980004,37.568907,공영,노상,서울특별시 중구 다동 46,서울특별시 중구 다동길,7
19407,다동쉼터 공영주차장,126.979861,37.567959,공영,노상,서울특별시 중구 다동 46-1,서울특별시 중구 다동길,7
19408,조선호텔앞 공영주차장,126.979837,37.563825,공영,노상,서울특별시 중구 소공동 86-5,서울특별시 중구 남대문로7길,12
19412,서린주차장,126.9796249,37.56973099,민영,노외,서울특별시 종로구 서린동 111-2,서울특별시 종로구 서린동 111-2,20
19416,한국은행뒤 공영주차장,126.979022,37.563111,공영,노상,서울특별시 중구 북창동 93-1,서울특별시 중구 남대문로5길,26
19417,한국은행뒤 공영주차장,126.979021,37.562301,공영,노상,서울특별시 중구 북창동 93-31,서울특별시 중구 남대문로5길,25
19419,열린마당,126.9788853,37.57533865,공영,노상,서울특별시 종로구 중학동 111,서울특별시 종로구 종로1길 55,13
19422,코오롱빌딩옆 공영주차장,126.978426,37.568565,공영,노상,서울특별시 중구 태평로1가 82,서울특별시 중구 세종대로20길,18
19425,코오롱빌딩옆 공영주차장,126.97826,37.567932,공영,노상,서울특별시 중구 태평로1가 29-8,서울특별시 중구 세종대로20길,18
19430,뉴국제호텔앞 공영주차장,126.977995,37.56813,공영,노상,서울특별시 중구 태평로1가 29-5,서울특별시 중구 세종대로22길,19
19433,뉴국제호텔앞 공영주차장,126.977727,37.56912,공영,노상,서울특별시 중구 태평로1가 18,서울특별시 중구 세종대로22길,19
19450,영국대사관옆 공영주차장,126.976228,37.567319,공영,노상,서울특별시 중구 정동 5,서울특별시 중구 세종대로19길,13
19453,영국대사관옆 공영주차장,126.976121,37.566484,공영,노상,서울특별시 중구 정동 5,서울특별시 중구 세종대로19길,13
19456,그린빌딩옆 공영주차장,126.976018,37.557505,공영,노상,서울특별시 중구 남대문로5가 267,서울특별시 중구 소월로,33
19457,그린빌딩옆 공영주차장,126.975945,37.556721,공영,노상,서울특별시 중구 남대문로5가 267,서울특별시 중구 소월로,33
19487,서소문올리브타워옆 공영주차장,126.97299,37.562212,공영,노상,서울특별시 중구 서소문동 135,서울특별시 중구 세종대로9길 41,16
19489,서소문올리브타워옆 공영주차장,126.97276,37.561632,공영,노상,서울특별시 중구 서소문동 135-1,서울특별시 중구 세종대로9길 41,16
19492,남대문피혁상가남측 공영주차장,126.972593,37.559679,공영,노상,서울특별시 중구 봉래동1가 83,서울특별시 중구 세종대로5길,25
19493,토속촌(평면식),126.9724496,37.5784872,민영,노외,서울특별시 종로구 통인동 69-2외1필지,서울특별시 종로구 자하문로8길 8,50
19495,황소,126.9721831,37.57680408,민영,노외,서울특별시 종로구 청진동 9,서울특별시 종로구 체부동 50,14
19507,삼원,126.9713722,37.57775894,민영,노외,서울특별시 종로구 체부동 50,서울특별시 종로구 자하문로5길 12,4
19508,토속촌(평면식),126.9712318,37.5777517,민영,노외,서울특별시 종로구 체부동 97,서울특별시 종로구 지하문로 22길,50
19513,효자공영,126.9707452,37.58307825,공영,노외,서울특별시 종로구 효자동 68-1,서울특별시 종로구 효자동 68-1,26
19516,MYCJ,126.970386,37.57528276,민영,노외,서울특별시 종로구 내자동 167-1,서울특별시 종로구 사직로 10길 13,11
19520,신교공영,126.969975,37.5840259,공영,노외,서울특별시 종로구 신교동 66,서울특별시 종로구 자하문로 89,158
19522,이화여고앞 공영주차장,126.969541,37.565744,공영,노상,서울특별시 중구 순화동 1-1,서울특별시 중구 통일로4길,13
19526,신문로,126.9688745,37.57315963,민영,노외,서울특별시 종로구 신문로2가 1-137,서울특별시 종로구 경희궁길 45,9
19528,이화여고앞 공영주차장,126.968475,37.565223,공영,노상,서울특별시 중구 순화동 1-139,서울특별시 중구 통일로4길,13
19531,미근동 공영주차장,126.9683131,37.56225743,공영,노외,서울특별시 서대문구 미근동 267-3,서울특별시 서대문구 미근동 267-3,27
19533,옥인유휴지2,126.967775,37.58170076,공영,노외,서울특별시 종로구 옥인동 47-45,서울특별시 종로구 옥인동 47-45,4
19537,옥인유휴지1,126.967023,37.58239252,공영,노외,서울특별시 종로구 옥인동 47-140,서울특별시 종로구 옥인동 47-140,4
19539,사직공영,126.9665781,37.57468709,공영,노외,서울특별시 종로구 사직동 262-84,서울특별시 종로구 사직로7길 4,20
19551,옥인공영,126.9655376,37.58232362,공영,노외,서울특별시 종로구 옥인동 47-469,서울특별시 종로구 필운대로9길 25,15
19555,손기정체육공원 공영주차장,126.964774,37.555509,공영,노외,서울특별시 중구 만리동2가 6-1,서울특별시 중구 손기정로 101,162
19556,충현동 제1공영주차장,126.9645993,37.56519723,공영,노외,서울특별시 서대문구 경기대로 72,서울특별시 서대문구 충정로2가 78-13,63
19557,누상공영,126.9645831,37.58029069,공영,노외,서울특별시 종로구 누상동 166-50,서울특별시 종로구 누상동 166-50,45
19559,손기정체육공원 공영주차장,126.964442,37.556498,공영,노외,서울특별시 중구 만리동2가 6-1,서울특별시 중구 손기정로 101,197
19458,국제화재빌딩옆 공영주차장,126.975913,37.558302,공영,노상,서울특별시 중구 남대문로5가 145,서울특별시 중구 소월로,12
19460,국제화재빌딩옆 공영주차장,126.975762,37.559213,공영,노상,서울특별시 중구 남대문로5가 145,서울특별시 중구 소월로,12
19461,남대문화물조업 공영주차장,126.975697,37.560014,공영,노상,서울특별시 중구 남창동 51-4,서울특별시 중구 소월로/남대문로,19
19463,한진면세점앞 공영주차장,126.975289,37.556129,공영,노상,서울특별시 중구 남대문로5가 533,서울특별시 중구 소월로,18
19464,한진면세점앞 공영주차장,126.975141,37.557049,공영,노상,서울특별시 중구 남대문로5가 533,서울특별시 중구 소월로,18
19469,서소문삼성생명뒤 공영주차장,126.974908,37.562855,공영,노외,서울특별시 중구 서소문동 122,서울특별시 중구 서소문로12길,51
19471,고려(자주식),126.9747618,37.57048688,민영,노외,서울특별시 종로구 신문로1가  24-3외11필지,서울특별시 종로구 새문안로 91 (신문로1가),140
19473,용마,126.9743043,37.57111027,민영,노외,서울특별시 종로구 당주동 166,서울특별시 종로구 새문안로 5길 11-11,15
19474,연세세브란스빌딩뒤 공영주차장,126.974247,37.55834,공영,노상,서울특별시 중구 남대문로5가 217,서울특별시 중구 세종대로2길,17
19475,서소문삼성생명뒤 공영주차장,126.974241,37.561704,공영,노외,서울특별시 중구 서소문동 122,서울특별시 중구 서소문로12길,51
19477,연세세브란스빌딩뒤 공영주차장,126.974121,37.557527,공영,노상,서울특별시 중구 남대문로5가 217,서울특별시 중구 세종대로2길,17
19479,광화문빌딩,126.9736974,37.57138765,공영,노상,서울특별시 종로구 당주동 145,서울특별시 종로구 세종대로23길47,17
19483,남대문피혁상가남측 공영주차장,126.973435,37.559194,공영,노상,서울특별시 중구 봉래동1가 13-6,서울특별시 중구 세종대로5길,25
19567,교남공영,126.9639256,37.57275458,공영,노외,서울특별시 종로구 행촌동 1-53,서울특별시 종로구 행촌동 1-53,28
19573,행촌공영,126.9630776,37.57530593,공영,노외,서울특별시 종로구 행촌동 210-35,서울특별시 종로구 행촌동 210-35,12
19587,부암공영,126.9606366,37.59307633,공영,노외,서울특별시 종로구 부암동 369-15,서울특별시 종로구 부암동 369-15,9
19588,천연동 제1공영주차장,126.9605364,37.56848638,공영,노외,서울특별시 서대문구 천연동 98-13,"""서울특별시 서대문구 독립문로8길 19 (천연동, 서대문구 천연동 꿈꾸는 다락방)""",20
19589,행운동제1공영,126.960471,37.47975,공영,노외,서울특별시 관악구 봉천동 1677-10,서울특별시 관악구 행운4길 21,79
19592,낙성대제2공영,126.959844,37.474496,공영,노상,서울특별시 관악구 봉천동 220-2일대,서울특별시 관악구 낙성대로 3길 일대,26
19603,낙성대제1공영,126.95895,37.477589,공영,노상,서울특별시 관악구 봉천동 1627-12일대,서울특별시 관악구 봉천로 62길 일대,23
19604,대화,126.958749,37.59925649,민영,노외,서울특별시 종로구 팔판동 56,서울특별시 종로구 자하문로 309,16
19605,북아현동 제2공영주차장,126.9582953,37.56004868,공영,노외,서울특별시 서대문구 북아현동 121-1,서울특별시 서대문구 북아현로6길 60,50
19619,대륜(평면식),126.9571793,37.61149858,민영,노외,서울특별시 종로구 구기동 146-1,서울특별시 종로구 구기동 146-1,210
19624,충현동 제2공영주차장,126.9567861,37.56288087,공영,노외,서울특별시 서대문구 북아현로14길 24,서울특별시 서대문구 북아현로14길 24,38
19628,비봉주차장,126.9565401,37.61221553,공영,노외,서울특별시 종로구 구기동 139-9,서울특별시 종로구 구기동 139-9,37
19659,북성초등학교 공영주차장,126.9518353,37.55963176,공영,노외,서울특별시 서대문구 북아현동 215,서울특별시 서대문구 북아현로5나길 84,100
19670,홍제1동 제3공영주차장,126.9507945,37.57958298,공영,노외,서울특별시 서대문구 홍제1동 44-34,서울특별시 서대문구 홍제1동 44-34,19
19671,북아현가구단지 공영주차장,126.9504795,37.56282073,공영,노외,서울특별시 서대문구 북아현동 915,서울특별시 서대문구 북아현로11사길 13 (북아현동),15
19685,홍은1동 제3공영주차장,126.9498576,37.60579784,공영,노외,서울특별시 서대문구 홍은1동 8-1262,서울특별시 서대문구 홍은1동 8-1262,9
19687,홍은1동 제1공영주차장,126.9495408,37.59867988,공영,노외,서울특별시 서대문구 홍은1동 9-164,서울특별시 서대문구 포방터2길 10,72
19688,홍은1동 제4공영주차장,126.949181,37.60152686,공영,노외,서울특별시 서대문구 홍은1동 11-23,서울특별시 서대문구 홍은중앙로 125,105
19699,홍제3동 제1공영주차장,126.9481889,37.59507893,공영,노외,서울특별시 서대문구 홍제3동 278-41,서울특별시 서대문구 홍제3동 278-41,27
19702,홍제2동 제1공영주차장,126.9476637,37.58834649,공영,노외,서울특별시 서대문구 홍제2동 192-14,서울특별시 서대문구 홍제2동 192-14,17
19707,관악산노상공영,126.946243,37.46905,공영,노상,서울특별시 관악구 신림동 138-22 일대,서울특별시 관악구 신림로 24-40구간,186
19710,홍제3동 제2공영주차장,126.9447067,37.58781176,공영,노외,서울특별시 서대문구 홍제3동 8-173,서울특별시 서대문구 통일로37길 5 (홍제동),27
19719,유진상가 앞 공영주차장,126.942295,37.59089199,공영,노상,서울특별시 서대문구 홍제3동 294-4,서울특별시 서대문구 통일로 478 (홍제동),35
19720,인왕시장 앞 공영주차장,126.942295,37.59089199,공영,노상,서울특별시 서대문구 홍제3동 294-4,서울특별시 서대문구 통일로 478 (홍제동),29
19748,홍제1동 제1공영주차장,126.9360997,37.58506479,공영,노외,서울특별시 서대문구 홍제1동 361-36,서울특별시 서대문구 홍제1동 361-36,30
19757,보라매제1공영,126.934517,37.488519,공영,노외,서울특별시 관악구 봉천동 산 110-4,서울특별시 관악구 봉천로 21길 38,133
19761,연희동 제3공영주차장,126.9344394,37.56753413,공영,노외,서울특별시 서대문구 연희동 50-3,서울특별시 서대문구 연희동 50-3,35
19762,신촌동 제1공영주차장,126.9343517,37.55912599,공영,노외,서울특별시 서대문구 창천동 70-34,서울특별시 서대문구 성산로22길 40,33
19763,연희동 제1공영주차장,126.9343227,37.57672782,공영,노외,서울특별시 서대문구 연희동 151-32,서울특별시 서대문구 연희동 151-32,24
19764,홍은2동 제3공영주차장,126.9342233,37.58676844,공영,노외,서울특별시 서대문구 홍은동 265-26,서울특별시 서대문구 연희로39길 12,54
19771,당곡중공영,126.933037,37.491952,공영,노외,서울특별시 관악구 봉천동 682,서울특별시 관악구 봉천로 13길 101,159
19783,홍은2동 제2공영주차장,126.9319219,37.58757082,공영,노외,서울특별시 서대문구 홍은2동 265-170,서울특별시 서대문구 연희로39나길 25,24
19792,삼성동제1공영,126.930985,37.468629,공영,노상,서울특별시 관악구 신림동 808-498,서울특별시 관악구 원신길 78~224구간,105
19794,홍연초등학교 공영주차장,126.9309307,37.5819985,공영,노외,서울특별시 서대문구 홍은2동 305,서울특별시 서대문구 백련사길 55,89
19798,연희사러가쇼핑센터 앞 공영주차장,126.9296631,37.56715296,공영,노상,서울특별시 서대문구 연희동 131-1,서울특별시 서대문구 연희맛로 23 (연희동),31
19802,원신공영,126.929213,37.470066,공영,노외,서울특별시 관악구 신림동 366,서울특별시 관악구 양지길 63,174
19805,서원동제1공영,126.928912,37.482217,공영,노상,서울특별시 관악구 신림동 1638-1,서울특별시 관악구 관천로 32~44구간,34
19809,연희동 제6공영주차장,126.9279849,37.57494376,공영,노외,서울특별시 서대문구 연희동 706-2,서울특별시 서대문구 홍연길 16,43
19814,연희동 제2공영주차장,126.9276569,37.57231265,공영,노외,서울특별시 서대문구 연희동 105-8,서울특별시 서대문구 연희동 105-8,40
19821,신림동제2공영,126.925676,37.484771,공영,노상,서울특별시 관악구 신림동 1433-169,서울특별시 관악구 관천로 66 일대,33
19823,홍은2동 제1공영주차장,126.9256263,37.57892469,공영,노외,서울특별시 서대문구 홍은2동 410-44,서울특별시 서대문구 증가로10길 60-23,29
19826,연신중학교지하공영주차장,126.9250988,37.6233238,공영,노외,서울특별시 은평구 불광동 400-4,서울특별시 은평구 연서로33길 16-32,137
19832,연광초교지하공영주차장,126.9244375,37.6239946,공영,노외,서울특별시 은평구 불광동 산112번지2호,서울특별시 은평구 연서로35길 37,152
19836,새장골 공영주차장,126.923549,37.6244693,공영,노외,서울특별시 은평구 불광동 480번지352호,서울특별시 은평구 통일로92다길 16-23,40
19837,신림동제1공영,126.92339,37.487306,공영,노외,서울특별시 관악구 신림동 1456-3,서울특별시 관악구 관천로 98,191
19840,난곡동제1공영,126.923131,37.472188,공영,노외,서울특별시 관악구 신림동 626-82,서울특별시 관악구 난곡로34길 71,119
19841,은평평화공원지하공영주차장,126.9230674,37.6057149,공영,노외,서울특별시 은평구 녹번동 153번지1호,서울특별시 은평구 서오릉로 47,143
19842,연희동 제5공영주차장,126.9229174,37.57101222,공영,노외,서울특별시 서대문구 연희동 522-2,서울특별시 서대문구 홍제천로2길 83,61
19843,난우중공영,126.922799,37.466701,공영,노외,서울특별시 관악구 신림동 652-156,서울특별시 관악구 난곡로 16길 32,71
19845,연희동 제4공영주차장,126.9226912,37.57082827,공영,노외,서울특별시 서대문구 연희동 522-4,서울특별시 서대문구 홍제천로 54-19,14
19850,신길7동공영주차장,126.9222348,37.5082383,공영,노외,서울특별시 영등포구 신길동 1175,서울특별시 영등포구 여의대방로45길 18,18
19851,남부초공영,126.922112,37.485066,공영,노외,서울특별시 관악구 신림동 467,서울특별시 관악구 남부순환로 163길 14,135
19855,남가좌2동 제1공영주차장,126.9217973,37.57701932,공영,노외,서울특별시 서대문구 남가좌2동 64-8,서울특별시 서대문구 가재울로14길 22,71
19890,신길1동공영주차장,126.9186082,37.5102262,공영,노외,서울특별시 영등포구 신길동 119-6,서울특별시 영등포구 도신로62길 22,18
19899,신길역사(1호선)공영주차장,126.9174697,37.5157455,공영,노외,서울특별시 영등포구 신길1동 54-2,서울특별시 영등포구 영등포로 327(신길동),25
19905,남가좌1동 제2공영주차장,126.9163081,37.56982562,공영,노외,서울특별시 서대문구 남가좌1동 152-83,서울특별시 서대문구 남가좌1동 152-83,32
19916,신사동제1공영,126.915444,37.484412,공영,노외,서울특별시 관악구 신림동 511-1,서울특별시 관악구 남부순환로 153길 51,41
19919,갈현1동 공영주차장,126.9153367,37.6264981,공영,노외,서울특별시 은평구 갈현동 9번지112호,서울특별시 은평구 갈현로41가길 16,61
19920,응암3동 공영주차장,126.9152893,37.5935056,공영,노외,서울특별시 은평구 응암동 580번지4호,서울특별시 은평구 불광천길 436,160
19921,영등포여고공영주차장,126.9152716,37.5153766,공영,노외,서울특별시 영등포구 영등포본동 184-3,서울특별시 영등포구 영등포로62길 13 (신길동),98
19924,신길환승(5호선)공영주차장,126.9146626,37.5176659,공영,노외,서울특별시 영등포구 영등포1가35,서울특별시 영등포구 경인로114가길 9 (영등포동1가),88
19927,영등포본동제2공영주차장,126.9140678,37.5132841,공영,노외,서울특별시 영등포구 신길2동186-355,서울특별시 영등포구 신길로60길 34 (신길동),61
19936,북가좌2동 제1공영주차장,126.9134769,37.57874702,공영,노외,서울특별시 서대문구 북가좌2동 73-16,서울특별시 서대문구 북가좌2동 73-16,22
19867,매바위공영주차장,126.9207863,37.5865763,공영,노외,서울특별시 은평구 응암동 747번지21호,서울특별시 은평구 가좌로5길 16-1,80
19875,미성동제4공영,126.919916,37.476303,공영,노외,서울특별시 관악구 신림동 597-1,서울특별시 관악구 난우10가길 2,79
19959,신길4동공영주차장,126.9120133,37.5053559,공영,노외,서울특별시 영등포구 신길동236-10,서울특별시 영등포구 가마산로 502 (신길동),24
19963,신길4동1동1마을공원공영주차장,126.9117293,37.5070797,공영,노외,서울특별시 영등포구 신길4동 232-20,서울특별시 영등포구 신길로40길 5 (신길동),130
19970,신길6동공영주차장,126.9113371,37.5026213,공영,노외,서울특별시 영등포구 신길동3203-1,서울특별시 영등포구 신길로40길 5,132
19973,효봉,126.9109465,37.4607323,공영,노외,서울특별시 금천구 시흥동 3-129,서울특별시 금천구 독산로 50마길 6,69
19979,봉산도시자연공원공영주차장,126.9103894,37.6117455,공영,노외,서울특별시 은평구 신사동 산55번지5호,서울특별시 은평구 가좌로11가길 38-11,106
19982,영등포동제1공영주차장,126.9101758,37.5209657,공영,노외,서울특별시 영등포구 영등포동2가230-3,서울특별시 영등포구 영등포로 53길 28(영등포동),34
20001,영등포본동제1공영주차장,126.9091509,37.5143579,공영,노외,서울특별시 영등포구 영등포동 592-10,서울특별시 영등포구 영신로10길 15 (영등포동),194
20002,시흥4동,126.9090436,37.4596867,공영,노외,서울특별시 금천구 시흥동 704-56,서울특별시 금천구 독산로 32가길 33,124
20003,삼성,126.9090029,37.4545448,공영,노외,서울특별시 금천구 시흥동 171-1,서울특별시 금천구 독산로 24마길 30,51
20010,영등포동제2공영주차장,126.9085562,37.5237358,공영,노외,서울특별시 영등포구 영등포7가29-122,서울특별시 영등포구 버드나루로7길 12-15(영등포동),28
20011,구산동마을공원지하공영주차장,126.9084743,37.6147505,공영,노외,서울특별시 은평구 구산동 340번지1호,서울특별시 은평구 서오릉로17길,77
20021,북가좌2동 제2공영주차장,126.9082984,37.58092712,공영,노외,서울특별시 서대문구 북가좌2동 346-20,서울특별시 서대문구 북가좌2동 346-20,9
20034,당산2동공영주차장,126.9077762,37.5282127,공영,노외,서울특별시 영등포구 당산동121-105,서울특별시 영등포구 버드나루로 111(당산동),30
20043,도림초교공영주차장,126.9070328,37.5079599,공영,노외,서울특별시 영등포구 신길3동 285-1,서울특별시 영등포구 가마산로65길 22 (신길동),145
20044,서신초교지하공영주차장,126.9068389,37.5921497,공영,노외,서울특별시 은평구 신사동 193번지1호,서울특별시 은평구 은평터널로 150,110
20047,한일,126.9063516,37.4772691,민영,노외,서울특별시 금천구 시흥동 883-11,서울특별시 금천구 시흥대로 224,28
20048,독산3동,126.9063344,37.4794495,공영,노외,서울특별시 금천구 독산동 898-24,서울특별시 금천구 독산로 108길 44,50
20051,시흥3동,126.905723,37.4428983,공영,노외,서울특별시 금천구 시흥동 942-6,서울특별시 금천구 시흥대로 34길 20,44
20052,조원동제1공영,126.905677,37.481029,공영,노외,서울특별시 관악구 신림동 571-6,서울특별시 관악구 조원중앙로2길 19,108
20066,신길5동공영주차장,126.9048179,37.5020979,공영,노외,서울특별시 영등포구 신길5동 400-1,서울특별시 영등포구 신길5동 400-1,27
20069,독산4동,126.9044936,37.4693894,공영,노외,서울특별시 금천구 독산동 187-40,서울특별시 금천구 독산로 78다길 9,63
20074,길목주차장,126.9038233,37.4740289,민영,노외,서울특별시 금천구 독산동 977-22,,31
20079,대림어린이공원공영주차장,126.9033385,37.4911212,공영,노외,서울특별시 영등포구 대림1동 870,서울특별시 영등포구 대림로 106 (대림동),198
20082,영등포동제3공영주차장,126.9031758,37.5171634,공영,노외,서울특별시 영등포구 영등포동4가 441-10,서울특별시 영등포구 영중로 15 (영등포동4가),172
20085,조원동제2공영,126.902978,37.483543,공영,노상,서울특별시 관악구 신림동 1675-8,서울특별시 관악구 조원로 4~34구간,61
20097,유성주차장,126.9017097,37.4728389,민영,노외,서울특별시 금천구 독산동 989-1,서울특별시 금천구 시흥대로 142길44,11
20098,남문주차장,126.9016249,37.4728435,민영,노외,서울특별시 금천구 독산동 989-18,서울특별시 금천구 독산로 85길40,60
20099,대림1동공영주차장,126.9016091,37.4930793,공영,노외,서울특별시 영등포구 대림동834-1,서울특별시 영등포구 대림로22길 2 (대림동),155
20101,전주주차장,126.9009063,37.4666331,민영,노외,서울특별시 금천구 독산동 1026-15,서울특별시 금천구 범안로 1249,35
20102,독산4동 제일주차장,126.9008999,37.4699947,민영,노외,서울특별시 금천구 독산동 197-5,,32
20107,대림3동공영주차장,126.9004653,37.4979907,공영,노외,서울특별시 영등포구 대림동745-1,서울특별시 영등포구 도림로47가길 9(대림동),105
20118,독산2동,126.9000341,37.4638245,공영,노외,서울특별시 금천구 독산동 1050-17,서울특별시 금천구 시흥대로 98길 36,66
20121,대림2동공영주차장,126.8999305,37.4915679,공영,노외,서울특별시 영등포구 대림동1072-25,서울특별시 영등포구 디지털로37나길 21 (대림동),154
20131,당산1동공영주차장,126.8994273,37.5237682,공영,노외,서울특별시 영등포구 당산동3가6-1,서울특별시 영등포구 양산로 147 (당산동3가),91
20132,문성주차장,126.8994072,37.4695052,민영,노외,서울특별시 금천구 독산동 285-28,,6
20133,현대주차장,126.8993451,37.4593093,민영,노외,서울특별시 금천구 독산동 1077-8,서울특별시 금천구 시흥대로 288-8,20
20137,수색동 공영주차장,126.8989386,37.5804906,공영,노외,서울특별시 은평구 수색동 78번지2호,서울특별시 은평구 수색로 224,111
20138,새울,126.8988286,37.4705585,민영,노외,서울특별시 금천구 독산동 287-6,,85
20145,다목적,126.8981936,37.4681147,공영,노외,서울특별시 금천구 독산동 971,서울특별시 금천구 시흥대로 150길 56,46
20146,구룡,126.8981936,37.4681147,공영,노외,서울특별시 금천구 독산동 964,서울특별시 금천구 독산로 107길 13,22
20147,시흥1동,126.8981936,37.4681147,공영,노외,서울특별시 금천구 시흥동 555-3,서울특별시 금천구 시흥대로 51길 93,82
20148,새서울 주차장,126.8981936,37.4681147,민영,노외,서울특별시 금천구 시흥동 886-14,서울특별시 금천구 금하로 14길6-16,122
20149,은행나무,126.8981936,37.4681147,민영,노외,서울특별시 금천구 시흥동 830-12,,5
20150,GS타임즈 독산동 유료주차장,126.8979269,37.4760816,민영,노외,서울특별시 금천구 독산동 145-7,,20
20151,신천지,126.8976834,37.4724067,공영,노상,서울특별시 금천구 독산1동 152-1,,22
20158,전국주차장,126.8970329,37.4635181,민영,노외,서울특별시 금천구 독산동 1011-13,,9
20159,대보 노외주차장,126.8967453,37.4637858,민영,노외,서울특별시 금천구 독산동 1011-9,서울특별시 금천구 시흥대로 101길 7,13
20160,도림동공영주차장,126.8966941,37.5081876,공영,노외,서울특별시 영등포구 도림동226-13,서울특별시 영등포구 도신로15길 36 (도림동),26
20163,가산동,126.8955604,37.4766272,공영,노외,서울특별시 금천구 가산동 148-28,서울특별시 금천구 시흥대로 153길 53,130
20164,영등포구청환승공영주차장,126.8954544,37.5247466,공영,노외,서울특별시 영등포구 당산동3가370-4,서울특별시 영등포구 양산로 111 (당산동3가),66
20166,당산근린공원공영주차장,126.8951347,37.5251769,공영,노외,서울특별시 영등포구 당산동3가 385,서울특별시 영등포구 당산로27길 12 (당산동3가),190
20167,대림운동장공영주차장,126.8948104,37.4996107,공영,노외,서울특별시 영등포구 대림3동 780,서울특별시 영등포구 도신로4길 32,192
20168,가산중앞,126.8948047,37.4691388,공영,노상,서울특별시 금천구 독산1동 300-26,,20
20170,별관청사공영주차장,126.8944208,37.5284015,공영,노외,서울특별시 영등포구 당산동3가 560,서울특별시 영등포구 선유동1로 80,61
20175,두산공원,126.8941021,37.4733321,공영,노상,서울특별시 금천구 독산1동 297-20,,33
20178,가산중뒤,126.8934682,37.4689298,공영,노상,서울특별시 금천구 독산1동 330-7,,40
20184,독산1동,126.8922574,37.4663289,공영,노외,서울특별시 금천구 독산동 1006-4,서울특별시 금천구 범안로 12가길 65,66
20185,신도림역 환승,126.892163,37.507776,공영,노외,서울특별시 구로구 구로5동 1-4,서울특별시 구로구 새말로 121-15,66
20186,신도림역 환승,126.892163,37.507776,공영,노외,서울특별시 구로구 구로5동 1-4,서울특별시 구로구 새말로 121-15,66
20187,신도림역 환승,126.892163,37.507776,공영,노외,서울특별시 구로구 구로5동 1-4,서울특별시 구로구 새말로 121-15,66
20188,신도림역 환승,126.892163,37.507776,공영,노외,서울특별시 구로구 구로5동 1-4,서울특별시 구로구 새말로 121-15,66
20189,신도림역 환승,126.892163,37.507776,공영,노외,서울특별시 구로구 구로5동 1-4,서울특별시 구로구 새말로 121-15,66
20190,신도림역 환승,126.892163,37.507776,공영,노외,서울특별시 구로구 구로5동 1-4,서울특별시 구로구 새말로 121-15,66
20195,삼환아파트,126.8916666,37.4650745,공영,노상,서울특별시 금천구 독산동 1004-6,,24
20196,구로리공원 지하,126.891578,37.490848,공영,노외,서울특별시 구로구 구로동 139-82,서울특별시 구로구 구로중앙로 13,203
20197,구로리공원 지하,126.891578,37.490848,공영,노외,서울특별시 구로구 구로동 139-82,서울특별시 구로구 구로중앙로 13,203
20198,구로리공원 지하,126.891578,37.490848,공영,노외,서울특별시 구로구 구로동 139-82,서울특별시 구로구 구로중앙로 13,203
20199,구로리공원 지하,126.891578,37.490848,공영,노외,서울특별시 구로구 구로동 139-82,서울특별시 구로구 구로중앙로 13,203
20200,구로리공원 지하,126.891578,37.490848,공영,노외,서울특별시 구로구 구로동 139-82,서울특별시 구로구 구로중앙로 13,203
20201,구로리공원 지하,126.891578,37.490848,공영,노외,서울특별시 구로구 구로동 139-82,서울특별시 구로구 구로중앙로 13,203
20204,사조냉장,126.8911994,37.4712891,공영,노상,서울특별시 금천구 독산1동 303-2,,27
20219,범일운수,126.8898741,37.4675031,공영,노상,서울특별시 금천구 독산1동 1001-2,,41
20220,가리봉 마을공동,126.889698,37.482523,공영,노외,서울특별시 구로구 가리봉동 118-11,,37
20221,가리봉 마을공동,126.889698,37.482523,공영,노외,서울특별시 구로구 가리봉동 118-11,,37
20222,가리봉 마을공동,126.889698,37.482523,공영,노외,서울특별시 구로구 가리봉동 118-11,,37
20223,가리봉 마을공동,126.889698,37.482523,공영,노외,서울특별시 구로구 가리봉동 118-11,,37
20224,가리봉 마을공동,126.889698,37.482523,공영,노외,서울특별시 구로구 가리봉동 118-11,,37
20225,가리봉 마을공동,126.889698,37.482523,공영,노외,서울특별시 구로구 가리봉동 118-11,,37
20228,구로아트밸리 지하,126.889559,37.497057,공영,노외,서울특별시 구로구 구로5동 102,서울특별시 구로구 가마산로25길 21,245
20229,구로아트밸리 지하,126.889559,37.497057,공영,노외,서울특별시 구로구 구로5동 102,서울특별시 구로구 가마산로25길 21,245
20230,구로아트밸리 지하,126.889559,37.497057,공영,노외,서울특별시 구로구 구로5동 102,서울특별시 구로구 가마산로25길 21,245
20231,구로아트밸리 지하,126.889559,37.497057,공영,노외,서울특별시 구로구 구로5동 102,서울특별시 구로구 가마산로25길 21,245
20232,구로아트밸리 지하,126.889559,37.497057,공영,노외,서울특별시 구로구 구로5동 102,서울특별시 구로구 가마산로25길 21,245
20233,구로아트밸리 지하,126.889559,37.497057,공영,노외,서울특별시 구로구 구로5동 102,서울특별시 구로구 가마산로25길 21,245
20234,우리은행,126.8894918,37.477821,공영,노상,서울특별시 금천구 가산동 60-10,,12
20235,세라믹기술원,126.8894388,37.4736847,공영,노상,서울특별시 금천구 가산동 237-101,,54
20236,모아래5길,126.8889964,37.4715775,공영,노상,서울특별시 금천구 독산1동 336-3,,30
20237,만승뒤(협동봉제),126.888824,37.4789473,공영,노상,서울특별시 금천구 가산동 139-18,,11
20239,유진골프장,126.8887712,37.4681559,공영,노상,서울특별시 금천구 독산1동 1081-3,,40
20240,구로3동 마을공동,126.888408,37.484981,공영,노외,서울특별시 구로구 구로3동 797-1,서울특별시 구로구 도림로6길 30,20
20241,구로3동 마을공동,126.888408,37.484981,공영,노외,서울특별시 구로구 구로3동 797-1,서울특별시 구로구 도림로6길 30,20
20242,구로3동 마을공동,126.888408,37.484981,공영,노외,서울특별시 구로구 구로3동 797-1,서울특별시 구로구 도림로6길 30,20
20243,구로3동 마을공동,126.888408,37.484981,공영,노외,서울특별시 구로구 구로3동 797-1,서울특별시 구로구 도림로6길 30,20
20244,구로3동 마을공동,126.888408,37.484981,공영,노외,서울특별시 구로구 구로3동 797-1,서울특별시 구로구 도림로6길 30,20
20245,구로3동 마을공동,126.888408,37.484981,공영,노외,서울특별시 구로구 구로3동 797-1,서울특별시 구로구 도림로6길 30,20
20246,구로2동 마을공동,126.8883,37.491491,공영,노외,서울특별시 구로구 구로2동 317-187,서울특별시 구로구 구로동로28길 81,81
20247,구로2동 마을공동,126.8883,37.491491,공영,노외,서울특별시 구로구 구로2동 317-187,서울특별시 구로구 구로동로28길 81,81
20248,구로2동 마을공동,126.8883,37.491491,공영,노외,서울특별시 구로구 구로2동 317-187,서울특별시 구로구 구로동로28길 81,81
20249,구로2동 마을공동,126.8883,37.491491,공영,노외,서울특별시 구로구 구로2동 317-187,서울특별시 구로구 구로동로28길 81,81
20250,구로2동 마을공동,126.8883,37.491491,공영,노외,서울특별시 구로구 구로2동 317-187,서울특별시 구로구 구로동로28길 81,81
20251,구로2동 마을공동,126.8883,37.491491,공영,노외,서울특별시 구로구 구로2동 317-187,서울특별시 구로구 구로동로28길 81,81
20252,LG전자,126.8881272,37.47454,공영,노상,서울특별시 금천구 가산동 60-32,,41
20256,기륭전자,126.8878056,37.4740405,공영,노상,서울특별시 금천구 가산동 219-7,,31
20257,문래동공영주차장,126.8874528,37.5162054,공영,노외,서울특별시 영등포구 문래동5가3-2,서울특별시 영등포구 문래동5가3-2,69
20258,조양화학,126.8872843,37.4715379,공영,노상,서울특별시 금천구 독산1동 336-25,,52
20259,세일철강,126.8867404,37.4707841,공영,노상,서울특별시 금천구 가산동 326-4,,26
20261,구로5동 마을공동,126.886021,37.500809,공영,노외,서울특별시 구로구 구로5동 549-73,서울특별시 구로구 구로5동 549-74,81
20262,구로5동 마을공동,126.886021,37.500809,공영,노외,서울특별시 구로구 구로5동 549-73,서울특별시 구로구 구로5동 549-74,81
20263,구로5동 마을공동,126.886021,37.500809,공영,노외,서울특별시 구로구 구로5동 549-73,서울특별시 구로구 구로5동 549-74,81
20264,구로5동 마을공동,126.886021,37.500809,공영,노외,서울특별시 구로구 구로5동 549-73,서울특별시 구로구 구로5동 549-74,81
20265,구로5동 마을공동,126.886021,37.500809,공영,노외,서울특별시 구로구 구로5동 549-73,서울특별시 구로구 구로5동 549-74,81
20266,구로5동 마을공동,126.886021,37.500809,공영,노외,서울특별시 구로구 구로5동 549-73,서울특별시 구로구 구로5동 549-74,81
20267,양평2동공영주차장,126.8853522,37.5363961,공영,노외,서울특별시 영등포구 양평동4가96,서울특별시 영등포구 선유로 49길27(양평동4가),75
20270,문래근린공원공영주차장,126.8850082,37.5154051,공영,노외,서울특별시 영등포구 문래동3가 60-2,서울특별시 영등포구 문래동3가 60-2,50
20271,하이앤드6차(서광모드),126.884809,37.4769001,공영,노상,서울특별시 금천구 가산동 60-33,,13
20272,SJ테크노빌,126.8846022,37.4793995,공영,노상,서울특별시 금천구 가산동 60-19,,37
20276,덕성엔앰피,126.8838539,37.4729355,공영,노상,서울특별시 금천구 가산동 345-15,,27
20277,아리랑,126.8838298,37.4758795,민영,노외,서울특별시 금천구 가산동 139-3,서울특별시 금천구 벚꽃로 56길 182,32
20279,sk트윈타워,126.8834684,37.4746015,공영,노상,서울특별시 금천구 가산동 345-10,,48
20280,아톰,126.8833882,37.4711011,공영,노상,서울특별시 금천구 가산동 327-29,,33
20281,BYC,126.883311,37.4784241,공영,노상,서울특별시 금천구 가산동 371-57,,10
20285,가산디지털 노외,126.8826263,37.481728,민영,노외,서울특별시 금천구 가산동 34-83,서울특별시 금천구 벚꽃로 309,53
20286,국도화확,126.8825889,37.4741472,공영,노상,서울특별시 금천구 가산동 345-89,,25
20291,가산디지털환승,126.8819725,37.4824274,민영,노외,서울특별시 금천구 가산동 464-2,서울특별시 금천구 벚꽃로 309,78
20292,가산디지털환승,126.8817681,37.483859,공영,노상,서울특별시 금천구 가산동 35-2,,41
20297,서부간선도로,126.8810005,37.472249,공영,노상,서울특별시 금천구 가산동 614-30,,72
20298,하늘공원 주차장,126.880518,37.487394,공영,노외,서울특별시 구로구 가리봉동 1-11,서울특별시 구로구 벚꽃로 370,198
20299,하늘공원 주차장,126.880518,37.487394,공영,노외,서울특별시 구로구 가리봉동 1-11,서울특별시 구로구 벚꽃로 370,198
20300,하늘공원 주차장,126.880518,37.487394,공영,노외,서울특별시 구로구 가리봉동 1-11,서울특별시 구로구 벚꽃로 370,198
20301,하늘공원 주차장,126.880518,37.487394,공영,노외,서울특별시 구로구 가리봉동 1-11,서울특별시 구로구 벚꽃로 370,198
20302,하늘공원 주차장,126.880518,37.487394,공영,노외,서울특별시 구로구 가리봉동 1-11,서울특별시 구로구 벚꽃로 370,198
20303,하늘공원 주차장,126.880518,37.487394,공영,노외,서울특별시 구로구 가리봉동 1-11,서울특별시 구로구 벚꽃로 370,198
20310,가산디지털서측,126.8795453,37.4856589,공영,노외,서울특별시 금천구 가산동 505-3,,172
20311,신도림동 마을공동,126.879428,37.512614,공영,노외,서울특별시 구로구 신도림동 271-75,,67
20312,광장,126.879401,37.535507,공영,노외,서울특별시 양천구 목동 907-19,,46
20314,우리,126.879154,37.536671,공영,노외,서울특별시 양천구 목동 907-8,,45
20318,신정교 주차장,126.878402,37.517172,공영,노외,서울특별시 양천구 신정동 871-3,,285
20319,구로4동 주택가 공동,126.8783283,37.4897713,공영,노외,서울특별시 구로구 구로4동 741-44외 4필지,서울특별시 구로구 구로동로 26길 54,198
20321,한마음,126.878046,37.530767,공영,노외,서울특별시 양천구 목동 914-5,,474
20326,목동,126.876999,37.527419,공영,노외,서울특별시 양천구 목동 915-0,서울특별시 양천구 목동동로 298,1092
20329,목동타운홀,126.876896,37.532877,공영,노외,서울특별시 양천구 목동 905-21,서울특별시 양천구 목동동로 345,25
20331,도서관,126.876624,37.533463,공영,노외,서울특별시 양천구 목동 905-32,,48
20339,양천사회단체봉사센터,126.875401,37.531959,공영,노외,서울특별시 양천구 목동 905-29,서울특별시 양천구 목동서로 131,22
20341,목2동 월촌,126.874808,37.546036,공영,노외,서울특별시 양천구 목동 525-0,,79
20348,바람개비,126.874151,37.530285,공영,노외,서울특별시 양천구 목동 919-8,,186
20358,달마을,126.871574,37.544424,공영,노외,서울특별시 양천구 목동 532-18,,30
20359,공단본부,126.871563,37.530393,공영,노외,서울특별시 양천구 목동 919-5,서울특별시 양천구 목동서로 190,23
20365,어울림,126.869307,37.522152,공영,노외,서울특별시 양천구 신정동 318-2,,32
20387,한두,126.866094,37.548771,공영,노외,서울특별시 양천구 목동 610-5,서울특별시 양천구 목동중앙북로7가길,39
20390,지산주차장,126.8658871,37.55179522,민영,노외,서울특별시 강서구 염창동 273-9,서울특별시 강서구 공항대로61길20,20
20391,지산주차장,126.8658871,37.55179522,민영,노외,서울특별시 강서구 염창동 273-9,서울특별시 강서구 공항대로61길20,20
20396,목3동 해운,126.865111,37.542033,공영,노외,서울특별시 양천구 목동 711-6,서울특별시 양천구 목동중앙남로14가길 39,64
20401,고척1동 마을공영,126.863882,37.502261,공영,노외,서울특별시 구로구 고척1동 52-54,서울특별시 구로구 중앙로8길 16,88
20402,고척1동 마을공영,126.863882,37.502261,공영,노외,서울특별시 구로구 고척1동 52-54,서울특별시 구로구 중앙로8길 16,88
20403,고척1동 마을공영,126.863882,37.502261,공영,노외,서울특별시 구로구 고척1동 52-54,서울특별시 구로구 중앙로8길 16,88
20404,고척1동 마을공영,126.863882,37.502261,공영,노외,서울특별시 구로구 고척1동 52-54,서울특별시 구로구 중앙로8길 16,88
20405,고척1동 마을공영,126.863882,37.502261,공영,노외,서울특별시 구로구 고척1동 52-54,서울특별시 구로구 중앙로8길 16,88
20406,고척1동 마을공영,126.863882,37.502261,공영,노외,서울특별시 구로구 고척1동 52-54,서울특별시 구로구 중앙로8길 16,88
20408,문화회관동측,126.863725,37.517019,공영,노외,서울특별시 양천구 신정동 322-5,,112
20412,화곡주차장,126.863275,37.53454711,민영,노외,서울특별시 강서구 화곡제4동 772-74,서울특별시 강서구 등촌로49-2,17
20413,화곡주차장,126.863275,37.53454711,민영,노외,서울특별시 강서구 화곡제4동 772-74,서울특별시 강서구 등촌로49-2,17
20414,문화회관 지하,126.863261,37.516574,공영,노외,서울특별시 양천구 신정동 322-0,서울특별시 양천구 목동서로367,93
20418,누리,126.862641,37.513561,공영,노외,서울특별시 양천구 신정동 323-13,,20
20419,문화회관서측,126.862569,37.516383,공영,노외,서울특별시 양천구 신정동 323-25,,23
20424,신정4동 로데오길,126.861883,37.527774,공영,노상,서울특별시 양천구 신정동 890,,56
20425,신정4동길,126.861623,37.526281,공영,노상,서울특별시 양천구 신정동 902,,139
20426,하늘,126.861395,37.515221,공영,노외,서울특별시 양천구 신정동 323-33,,30
20427,등촌2-1,126.8613143,37.54980053,공영,노외,서울특별시 강서구 등촌2동 531-5,서울특별시 강서구 등촌로 55길 33-16 (등촌동),91
20428,등촌2-1,126.8613143,37.54980053,공영,노외,서울특별시 강서구 등촌2동 531-5,서울특별시 강서구 등촌로 55길 33-16 (등촌동),91
20430,밝은빛,126.861236,37.516217,공영,노외,서울특별시 양천구 신정동 323-18,,23
20440,남부골목시장,126.8607313,37.53223757,공영,노외,서울특별시 강서구 화곡동 797-7,서울특별시 강서구 곰달래로 55길 4,17
20441,남부골목시장,126.8607313,37.53223757,공영,노외,서울특별시 강서구 화곡동 797-7,서울특별시 강서구 곰달래로 55길 4,17
20442,법마을,126.860547,37.521636,공영,노외,서울특별시 양천구 신정동 1018-3,,18
20445,벚꽃길,126.860083,37.527421,공영,노외,서울특별시 양천구 신정동 884-8,,33
20446,신정7동 한사랑교회 앞,126.860059,37.514721,공영,노외,서울특별시 양천구 신정동 324-11,,125
20450,가양3동 황금내공원길,126.8592928,37.5632302,공영,노상,서울특별시 강서구 가양3동 1485(황금내공원길),서울특별시 강서구 가양3동 1485(황금내공원길),81
20451,가양3동 황금내공원길,126.8592928,37.5632302,공영,노상,서울특별시 강서구 가양3동 1485(황금내공원길),서울특별시 강서구 가양3동 1485(황금내공원길),81
20456,"""한라주차장,롯데마트""",126.8585302,37.53316839,민영,노외,서울특별시 강서구 화곡제4동 830-3,,18
20457,"""한라주차장,롯데마트""",126.8585302,37.53316839,민영,노외,서울특별시 강서구 화곡제4동 830-3,,18
20459,등촌네오빌주차장,126.8583955,37.55412186,민영,노외,서울특별시 강서구 등촌1동 653-17,,2
20460,등촌네오빌주차장,126.8583955,37.55412186,민영,노외,서울특별시 강서구 등촌1동 653-17,,2
20461,고척2동 마을공동,126.858317,37.506512,공영,노외,서울특별시 구로구 고척2동 156,,66
20478,동개울,126.855564,37.527221,공영,노외,서울특별시 양천구 신정동 919-6,,40
20481,개봉1동 노상,126.854205,37.496886,공영,노상,서울특별시 구로구 개봉1동 416-175,,119
20482,개봉1동 노상,126.854205,37.496886,공영,노상,서울특별시 구로구 개봉1동 416-175,,119
20483,개봉1동 노상,126.854205,37.496886,공영,노상,서울특별시 구로구 개봉1동 416-175,,119
20484,개봉1동 노상,126.854205,37.496886,공영,노상,서울특별시 구로구 개봉1동 416-175,,119
20485,개봉1동 노상,126.854205,37.496886,공영,노상,서울특별시 구로구 개봉1동 416-175,,119
20486,개봉1동 노상,126.854205,37.496886,공영,노상,서울특별시 구로구 개봉1동 416-175,,119
20491,단지,126.853439,37.518223,공영,노외,서울특별시 양천구 신정동 1182-9,,40
20493,"""신정1,3동 복개""",126.852913,37.520789,공영,노상,서울특별시 양천구 신정동 1031,,136
20504,화곡2-1,126.8524331,37.53604413,공영,노외,서울특별시 강서구 화곡2동 167-10,서울특별시 강서구 강서로 18아길 26-15 (화곡동),60
20505,화곡2-1,126.8524331,37.53604413,공영,노외,서울특별시 강서구 화곡2동 167-10,서울특별시 강서구 강서로 18아길 26-15 (화곡동),60
20511,천지주차장,126.8514685,37.53179381,민영,노외,서울특별시 강서구 화곡제2동 872-1,서울특별시 강서구 곰달래로31가길2,10
20512,천지주차장,126.8514685,37.53179381,민영,노외,서울특별시 강서구 화곡제2동 872-1,서울특별시 강서구 곰달래로31가길2,10
20513,명신주차장,126.8514558,37.53132527,민영,노외,서울특별시 강서구 화곡제2동 872-36,서울특별시 강서구 곰달래로31길10,15
20514,명신주차장,126.8514558,37.53132527,민영,노외,서울특별시 강서구 화곡제2동 872-36,서울특별시 강서구 곰달래로31길10,15
20519,양동북,126.850801,37.527623,공영,노외,서울특별시 양천구 신정동 935-17,,15
20523,화곡8-2,126.8503525,37.53767773,공영,노외,서울특별시 강서구 화곡8동 410-4,서울특별시 강서구 초록마을로 126 (화곡동),84
20524,화곡8-2,126.8503525,37.53767773,공영,노외,서울특별시 강서구 화곡8동 410-4,서울특별시 강서구 초록마을로 126 (화곡동),84
20527,신월2동 복개,126.850215,37.523312,공영,노상,서울특별시 양천구 신월동 503-3,,10
20531,화곡본-1,126.8497736,37.53974569,공영,노외,서울특별시 강서구 화곡본동 56-127,서울특별시 강서구 초록마을로 26길 48 (화곡동),99
20532,화곡본-1,126.8497736,37.53974569,공영,노외,서울특별시 강서구 화곡본동 56-127,서울특별시 강서구 초록마을로 26길 48 (화곡동),99
20536,다락골,126.849601,37.516131,공영,노외,서울특별시 양천구 신정동 1158-1,서울특별시 양천구 중앙로29길 41,102
20541,곰달래문화복지센터,126.848899,37.52905871,공영,노외,서울특별시 강서구 화곡동 890,서울특별시 강서구 강서로5길 50 (화곡동),211
20542,곰달래문화복지센터,126.848899,37.52905871,공영,노외,서울특별시 강서구 화곡동 890,서울특별시 강서구 강서로5길 50 (화곡동),211
20543,화곡8-1,126.8488392,37.53851193,공영,노외,서울특별시 강서구 화곡8동 410-60,서울특별시 강서구 초록마을로 22길 57-11 (화곡동),53
20544,화곡8-1,126.8488392,37.53851193,공영,노외,서울특별시 강서구 화곡8동 410-60,서울특별시 강서구 초록마을로 22길 57-11 (화곡동),53
20545,화곡6-1,126.8485156,37.553032,공영,노외,서울특별시 강서구 화곡6동 1103-6,서울특별시 강서구 우장산로 114 (화곡동),300
20546,화곡6-1,126.8485156,37.553032,공영,노외,서울특별시 강서구 화곡6동 1103-6,서울특별시 강서구 우장산로 114 (화곡동),300
20548,화곡본-2,126.8484472,37.54432107,공영,노외,서울특별시 강서구 화곡본동 46-127,서울특별시 강서구 초록마을로5길 43 (화곡동),100
20549,화곡본-2,126.8484472,37.54432107,공영,노외,서울특별시 강서구 화곡본동 46-127,서울특별시 강서구 초록마을로5길 43 (화곡동),100
20555,까치산시장,126.8478622,37.53152973,공영,노외,서울특별시 강서구 화곡동 342-16,서울특별시 강서구 강서로 12길 14,19
20556,까치산시장,126.8478622,37.53152973,공영,노외,서울특별시 강서구 화곡동 342-16,서울특별시 강서구 강서로 12길 14,19
20567,화곡주차장,126.8459249,37.53391306,민영,노외,서울특별시 강서구 화곡제8동 338-26,,31
20568,화곡주차장,126.8459249,37.53391306,민영,노외,서울특별시 강서구 화곡제8동 338-26,,31
20570,신남,126.845808,37.517685,공영,노외,서울특별시 양천구 신월동 595-14,,50
20575,당곡,126.845025,37.524465,공영,노외,서울특별시 양천구 신월동 482-11,,45
20577,개봉1동 마을공동,126.844893,37.505741,공영,노외,서울특별시 구로구 개봉1동 105-6,서울특별시 구로구 개봉1동 105-7,58
20578,개봉1동 노외,126.844893,37.505741,공영,노외,서울특별시 구로구 개봉1동 136,서울특별시 구로구 경인로33길 50,134
20579,개봉1동 마을공동,126.844893,37.505741,공영,노외,서울특별시 구로구 개봉1동 105-6,서울특별시 구로구 개봉1동 105-7,111
20580,개봉1동 노외,126.844893,37.505741,공영,노외,서울특별시 구로구 개봉1동 136,서울특별시 구로구 경인로33길 50,134
20581,개봉1동 마을공동,126.844893,37.505741,공영,노외,서울특별시 구로구 개봉1동 105-6,서울특별시 구로구 개봉1동 105-7,111
20582,개봉1동 노외,126.844893,37.505741,공영,노외,서울특별시 구로구 개봉1동 136,서울특별시 구로구 경인로33길 50,134
20583,개봉1동 마을공동,126.844893,37.505741,공영,노외,서울특별시 구로구 개봉1동 105-6,서울특별시 구로구 개봉1동 105-7,111
20584,개봉1동 노외,126.844893,37.505741,공영,노외,서울특별시 구로구 개봉1동 136,서울특별시 구로구 경인로33길 50,134
20585,개봉1동 마을공동,126.844893,37.505741,공영,노외,서울특별시 구로구 개봉1동 105-6,서울특별시 구로구 개봉1동 105-7,111
20586,개봉1동 노외,126.844893,37.505741,공영,노외,서울특별시 구로구 개봉1동 136,서울특별시 구로구 경인로33길 50,134
20587,개봉1동 마을공동,126.844893,37.505741,공영,노외,서울특별시 구로구 개봉1동 105-6,서울특별시 구로구 개봉1동 105-7,111
20588,개봉1동 노외,126.844893,37.505741,공영,노외,서울특별시 구로구 개봉1동 136,서울특별시 구로구 경인로33길 50,134
20590,고척근린공원 지하,126.8444271,37.505917,공영,노외,서울특별시 구로구 고척동 산 9-14,서울특별시 구로구 고척로45길 39,199
20592,볏골공원,126.8443245,37.54181453,공영,노외,서울특별시 강서구 화곡본동 98-99,서울특별시 강서구 까치산로4길 22 (화곡동),233
20593,볏골공원,126.8443245,37.54181453,공영,노외,서울특별시 강서구 화곡본동 98-99,서울특별시 강서구 까치산로4길 22 (화곡동),233
20594,신정3동 학마을,126.844314,37.506571,공영,노상,서울특별시 양천구 신정동 857-3,,31
20612,더와이즈황병원 주차장,126.842319,37.5420173,민영,노외,서울특별시 강서구 화곡본동 105-357,,15
20613,더와이즈황병원 주차장,126.84231,37.54200648,민영,노외,서울특별시 강서구 화곡본동 105-357,,15
20614,까치주차장,126.8423097,37.5335587,민영,노외,서울특별시 강서구 화곡제1동 353-8,,14
20615,까치주차장,126.8423097,37.5335587,민영,노외,서울특별시 강서구 화곡제1동 353-8,,14
20616,화곡5-3,126.8422571,37.54345521,공영,노외,서울특별시 강서구 화곡동 1060-18,서울특별시 강서구 화곡로 27가길 38 (화곡동),17
20617,화곡5-3,126.8422571,37.54345521,공영,노외,서울특별시 강서구 화곡동 1060-18,서울특별시 강서구 화곡로 27가길 38 (화곡동),17
20624,계남,126.841511,37.515281,공영,노외,서울특별시 양천구 신월동 562-7,,22
20628,신곡,126.841018,37.517119,공영,노외,서울특별시 양천구 신월동 549-18,,18
20629,화곡5-2,126.8407616,37.5443506,공영,노외,서울특별시 강서구 화곡동 1056-2,서울특별시 강서구 강서로 34길 41-21 (화곡동),25
20630,화곡5-2,126.8407616,37.5443506,공영,노외,서울특별시 강서구 화곡동 1056-2,서울특별시 강서구 강서로 34길 41-21 (화곡동),25
20634,화곡5-1,126.8399207,37.54387013,공영,노외,서울특별시 강서구 화곡동 1030-33,서울특별시 강서구 강서로 36길 21 (화곡동),27
20635,화곡5-1,126.8399207,37.54387013,공영,노외,서울특별시 강서구 화곡동 1030-33,서울특별시 강서구 강서로 36길 21 (화곡동),27
20636,화곡1-1,126.8398749,37.53142186,공영,노외,서울특별시 강서구 화곡1동 424-94,서울특별시 강서구 곰달래로 15길 28 (화곡동),98
20637,화곡1-1,126.8398749,37.53142186,공영,노외,서울특별시 강서구 화곡1동 424-94,서울특별시 강서구 곰달래로 15길 28 (화곡동),98
20638,삼보주차장,126.8396067,37.56156529,민영,노외,서울특별시 강서구 등촌제3동 678-8,,32
20639,삼보주차장,126.8396067,37.56156529,민영,노외,서울특별시 강서구 등촌제3동 678-8,,32
20640,오류1동 텃골공영,126.839295,37.495385,공영,노외,서울특별시 구로구 오류1동 6-11,서울특별시 구로구 경인로15길 22,84
20641,오류1동 텃골공영,126.839295,37.495385,공영,노외,서울특별시 구로구 오류1동 6-11,서울특별시 구로구 경인로15길 22,84
20642,오류1동 텃골공영,126.839295,37.495385,공영,노외,서울특별시 구로구 오류1동 6-11,서울특별시 구로구 경인로15길 22,84
20643,오류1동 텃골공영,126.839295,37.495385,공영,노외,서울특별시 구로구 오류1동 6-11,서울특별시 구로구 경인로15길 22,84
20644,오류1동 텃골공영,126.839295,37.495385,공영,노외,서울특별시 구로구 오류1동 6-11,서울특별시 구로구 경인로15길 22,84
20645,오류1동 텃골공영,126.839295,37.495385,공영,노외,서울특별시 구로구 오류1동 6-11,서울특별시 구로구 경인로15길 22,84
20646,화곡7-1,126.8391546,37.53601598,공영,노외,서울특별시 강서구 화곡1동 370-63,서울특별시 강서구 월정로 32길 68 (화곡동),86
20647,화곡7-1,126.8391546,37.53601598,공영,노외,서울특별시 강서구 화곡1동 370-63,서울특별시 강서구 월정로 32길 68 (화곡동),86
20648,화곡4-1,126.8388191,37.52995359,공영,노외,서울특별시 강서구 화곡4동 809-26,서울특별시 강서구 곰달래로 54가길 20(화곡동),138
19048,서초역주차빌딩,127.008936,37.490527,공영주차장,노외,서울특별시 서초구 서초3동1542-12,서울특별시 서초구 반포대로28길7,102
19051,동문,127.0087433,37.57044961,민영,노외,서울특별시 종로구 종로6가 43-1,서울특별시 종로구 청계천로 279,20
19052,다산동 공영주차장,127.008729,37.555134,공영,노외,서울특별시 중구 다산동 432-1584,서울특별시 중구 동호로15길 60,86
19054,다산동 공영주차장,127.008584,37.554284,공영,노외,서울특별시 중구 다산동 432-1584,서울특별시 중구 동호로15길 60,86
19065,방주주차장(자주식),127.0077111,37.5718192,민영,노외,서울특별시 종로구 종로5가 17-1,서울특별시 종로구 종로 43길 13,73
19067,버티 공영주차장,127.006494,37.549973,공영,노외,서울특별시 중구 다산동 432-1693,서울특별시 중구 동호로17길 270,92
19068,버티 공영주차장,127.006254,37.549029,공영,노외,서울특별시 중구 다산동 432-1693,서울특별시 중구 동호로17길 270,92
19096,성곽 공영주차장,127.004799,37.550508,공영,노외,서울특별시 중구 다산동 432-2026,서울특별시 중구 동호로17길 201,46
19097,다산아트 공영주차장,127.00462,37.552553,공영,노외,서울특별시 중구 다산동 432-612,서울특별시 중구 동호로17길 173,76
19099,성곽 공영주차장,127.004507,37.551374,공영,노외,서울특별시 중구 다산동 432-2026,서울특별시 중구 동호로17길 201,46
19103,다산아트 공영주차장,127.004236,37.55157,공영,노외,서울특별시 중구 신당동 432-1558,서울특별시 중구 동호로17길 173,76
19104,동호,127.0039488,37.58061309,민영,노외,서울특별시 종로구 동숭동 1-143,서울특별시 종로구 대학로 12길 77,13
19105,경일주차장(자주식),127.0035589,37.57034176,민영,노외,서울특별시 종로구 인사동  119-1,서울특별시 종로구 동호로 38길 24,83
19108,동신주차장,127.003301,37.57581261,민영,노외,서울특별시 종로구 이화동 215,서울특별시 종로구 이화동 215,7
19112,이화(자주식),127.0031199,37.57659108,민영,노외,서울특별시 종로구 이화동 187,서울특별시 종로구 율곡로 221-9 (이화동),50
19117,한국교회100주년기념관,127.0021055,37.57166446,민영,노외,서울특별시 종로구 연지동 135,서울특별시 종로구 대학로 6-1 (효제동),10
19120,장충 공영주차장,127.001294,37.559936,공영,노외,서울특별시 중구 장충동2가 193-39,서울특별시 중구 퇴계로50길 59,106
19123,장충 공영주차장,127.001229,37.560923,공영,노외,서울특별시 중구 장충동2가 193-39,서울특별시 중구 퇴계로50길 59,106
19133,푸른기린(삼청주차장),127.0004845,37.57450802,민영,노외,서울특별시 종로구 삼청동 56,서울특별시 종로구 대학로3길 29 (연지동),25
19139,연지,127.0001811,37.57300876,민영,노외,서울특별시 종로구 연지동 234-1,서울특별시 종로구 종로31가길 29,11
19140,반포4동주민센터 공영주차장,127.000177,37.497432,공영주차장,노외,서울특별시 서초구 반포4동74-7,서울특별시 서초구 사평대로28길70,42
19145,묵정공원지하 공영주차장,126.999787,37.563676,공영,노외,서울특별시 중구 충무로5가 21,서울특별시 중구 퇴계로45길 32-12,502
